COLUMN1,COLUMN2,COLUMN3,COLUMN4,COLUMN5,COLUMN6,COLUMN7,COLUMN8,COLUMN9,COLUMN10,COLUMN11,COLUMN12,COLUMN13,COLUMN14,COLUMN15,COLUMN16,COLUMN17,COLUMN18,COLUMN19,COLUMN20,COLUMN21,COLUMN22,COLUMN23,COLUMN24,COLUMN25,COLUMN26,COLUMN27,COLUMN28,COLUMN29,COLUMN30,COLUMN31,COLUMN32,COLUMN33,COLUMN34,COLUMN35,COLUMN36,COLUMN37,COLUMN38,COLUMN39,COLUMN40,COLUMN41
cat,1956.8,279.7993649,1961.92,257.832015,1955.2,247.5476743,1304.96,241.7900809,1957.12,219.9851965,3263.36,207.221172,1302.08,203.8474176,1932.16,200.8235286,1960.32,200.58602,1306.88,198.323511,1306.56,197.5028475,1958.72,192.0912943,1963.84,187.7212533,1293.12,180.278529,1933.44,178.0931748,1967.68,177.5034563,1300.16,170.2812813,3261.76,167.2691897,1301.76,163.7635053,1960,160.8897272
cat,0,915.5818543,4.48,316.1944784,4.8,250.7929281,58.88,248.3554555,4.16,239.7702404,57.92,201.641618,8.96,199.9496382,9.28,189.8335798,8.64,181.8908969,17.6,179.3024811,56.96,176.9071297,57.6,175.8582842,18.24,174.94379,58.24,164.0703056,17.28,152.3789418,18.56,148.7298071,17.92,148.0206864,57.28,146.1553323,5.12,138.863764,9.6,130.4365468
cat,904.96,708.3873669,904.32,667.8570644,1537.6,476.4256774,1537.92,462.4197615,833.6,456.605387,832.64,430.1609727,830.4,429.9680336,903.68,428.8137135,830.08,417.8802876,1538.24,400.8347016,864.96,392.4556167,1537.28,384.8111219,810.24,376.069074,879.68,366.703644,1340.8,363.0603221,907.2,362.6860122,866.56,358.8026881,887.68,345.4160408,825.92,341.5521751,905.6,330.7490595
cat,837.12,321.1695812,826.56,320.7100569,827.2,316.3257346,848,309.464453,824.96,292.8197471,828.8,276.1082068,824.32,267.8374299,840.96,266.6777113,839.36,258.5429564,1753.28,232.8084274,1753.6,229.2426422,1753.92,226.6786406,837.76,223.7871701,822.08,217.7501075,1757.76,216.2848198,1752.96,214.0701833,1754.24,214.0334306,834.88,211.1529152,838.72,207.7257851,1758.08,204.32937
cat,1653.44,198.2654268,1647.04,194.1120422,1644.16,179.6485197,1650.56,174.4371109,1612.48,173.1079262,2437.76,157.7982344,1614.08,151.3687685,2464.32,148.5072217,2448,143.5046253,1610.88,142.0835151,1623.04,141.8356147,2437.12,137.6952136,1597.44,134.924874,2447.36,131.1336236,2463.68,130.9100893,1649.92,126.74894,1616.32,125.6829141,1704.64,117.083546,1728.32,116.6333415,1599.04,116.392631
cat,1535.36,234.3526602,1533.44,233.9233424,1538.88,227.4825185,1536.96,216.5103813,1540.8,216.4945125,1531.52,209.8068844,1529.92,203.4239054,1544.32,203.0441174,1528,202.0351628,1537.28,183.2476288,1546.24,182.7377847,1542.72,182.2883844,1535.04,179.2421923,1542.4,179.00958,1531.84,174.6761397,1526.08,167.8404254,1524.48,159.7374029,1529.6,156.2391447,1548.16,150.9675584,1540.48,148.0727641
cat,1592.857143,498.3383005,1590.816327,479.5711013,1597.959184,335.6575134,1603.061224,302.6753441,1594.897959,281.2537363,1619.387755,262.1772824,1625.510204,251.1399202,1616.326531,249.8819001,1608.163265,247.3564782,1622.44898,220.1367958,1611.22449,214.6986804,1600,194.4404749,1613.265306,180.2377946,1601.020408,148.6117757,1583.673469,138.1504504,1628.571429,133.1143408,1636.734694,117.5314011,1614.285714,115.3969909,1643.877551,105.4764523,1588.77551,95.96629124
cat,383.04,432.2977904,902.4,369.436748,798.08,360.1954238,927.36,360.0875137,384,340.0063898,398.72,316.0891774,397.44,313.1885674,905.92,307.2267242,865.92,279.7066611,935.68,269.831858,811.2,265.5751402,856.64,255.6383539,859.84,252.569098,394.88,250.0862396,808.64,246.4134311,929.28,241.8689351,800,241.2255141,391.36,241.0969539,892.8,239.5080475,404.8,230.4683936
cat,800.2628121,782.5838176,3.613666229,682.2098113,821.2877792,650.1782509,799.934297,596.7477837,823.587385,590.6435772,1.642575558,564.8662105,801.9053876,560.3254923,799.6057819,527.2720928,814.717477,460.210631,800.5913272,436.7788249,5.584756899,428.0834923,822.6018397,420.8339437,809.4612352,418.6804398,817.674113,415.0001569,812.0893561,414.1835936,824.5729304,381.7154282,5.256241787,326.1407808,816.6885677,322.7699766,793.0354796,317.8860255,828.8436268,305.3383336
cat,29.67171717,544.5682958,28.40909091,474.2683726,27.14646465,432.5213015,85.22727273,374.1894317,53.66161616,371.8530516,58.71212121,339.9347788,86.48989899,320.3363268,63.76262626,296.7693829,67.55050505,285.0127579,55.55555556,271.006119,30.93434343,259.1407253,25.25252525,238.2638266,23.35858586,234.9478939,56.81818182,231.3235374,76.38888889,213.4045118,80.17676768,180.0430442,60.60606061,178.8014702,50.50505051,155.5337928,72.6010101,149.1026125,116.7929293,144.4709656
cat,2599.68,107.6300912,2568.32,102.0286997,2565.12,101.6853598,2451.84,96.70608565,2584.32,95.28800501,2513.92,95.00209101,2818.24,88.86944558,2623.04,88.03463752,2823.36,87.79657572,2819.84,87.49646149,2825.92,85.89358898,2619.84,85.65757785,2580.8,84.89392807,2457.92,84.06187115,2459.84,82.58344469,2601.28,82.18459842,2669.12,82.17074777,2621.44,81.80236843,2620.16,80.75530567,2492.8,79.9679032
cat,274.56,682.3917684,275.2,592.7156752,272.32,497.7536346,276.8,457.8612566,271.68,401.2610534,310.4,377.3421284,277.44,365.0203086,273.92,358.9845056,272.96,344.1161275,301.76,305.4744755,314.88,300.4450944,316.8,291.801128,922.56,291.3321646,916.48,289.4833376,1360.96,285.2882284,304.32,284.7794303,611.84,276.3590079,282.24,254.3820787,318.4,246.9097634,307.84,246.4194839
cat,59.52,757.4080414,120,698.5506529,89.28,418.1176392,57.28,394.2571975,112.64,366.5090455,105.28,268.8177493,90.56,265.8706913,52.8,256.5196905,73.28,251.4705393,92.16,245.9113151,89.92,241.9331538,72.32,229.6086097,60.8,226.1573638,93.76,225.7830993,71.36,209.8790521,61.76,193.3621845,60.16,186.8580832,53.76,182.4221203,64.32,181.3456469,94.72,175.829946
cat,2542.592593,192.143254,2576.851852,188.2868459,3228.703704,170.4400523,3160.185185,169.227653,3224.074074,162.2068969,2581.481481,159.2310234,2508.333333,151.5814323,2532.407407,142.0515255,2583.333333,141.1914618,2526.851852,139.8882688,2513.888889,131.8549374,3222.222222,127.7389863,3175.925926,122.3092715,2497.222222,119.1766521,3183.333333,117.3855399,3130.555556,112.5723693,2502.777778,112.378027,3141.666667,111.1171687,3136.111111,108.9551621,3165.740741,108.6030787
cat,210.88,104.8839968,328.32,89.83064927,193.6,86.22169666,195.84,81.03303763,214.08,79.02663813,250.88,77.29205833,284.48,76.41106787,191.36,69.56063858,169.92,66.16306917,196.8,65.81902055,195.2,65.07743826,416.96,64.78904864,192.96,63.87207558,194.56,62.09556817,224.64,60.77963065,356.16,60.67445534,209.92,60.15547521,300.16,59.33371549,384.32,57.68961573,265.6,55.4608241
cat,1248.64,204.4362502,1248,200.3206561,1249.28,194.2241872,1247.36,181.7916292,623.36,179.1614984,624,177.3824191,1249.92,171.3399841,624.64,169.2626086,622.72,165.5133945,353.6,163.8089194,353.28,158.4782412,352.64,158.1946637,352.96,157.739931,354.24,156.586656,353.92,156.0219908,1134.08,153.9311303,625.28,153.2084961,1246.72,148.9033432,352.32,147.6658535,534.72,146.8015564
cat,1331.317204,410.8500094,684.811828,293.9169238,681.4516129,283.0532602,1284.274194,220.7533909,679.4354839,220.7082339,682.7956989,215.0093683,1304.435484,208.7375034,1309.811828,204.7224778,1362.903226,202.3010695,1324.596774,198.6230103,686.827957,195.9315758,670.6989247,189.4480339,1327.284946,186.284848,671.3709677,178.6902594,677.4193548,178.3917017,1290.322581,167.957354,1289.650538,165.2969411,1315.188172,163.9941068,666.6666667,159.6639141,680.7795699,153.5300847
cat,8.32,768.0548466,9.28,539.6522191,38.72,524.993423,12.16,517.8959733,36.8,500.1543338,31.04,437.1076275,34.56,416.5264748,198.4,401.0701348,40,353.4464873,41.28,351.2081185,204.16,339.5107963,37.76,328.644542,24.32,327.3995516,197.44,322.0658507,204.48,315.7274023,21.44,312.402717,180.8,298.3571038,136.32,291.5882243,23.04,288.8068759,32,282.9832414
cat,646.72,400.3579304,642.88,375.911998,644.8,359.6659976,649.92,342.4777241,650.24,333.3967185,645.12,332.5543775,647.04,297.3945631,643.2,294.0138733,622.4,258.7850193,1877.12,249.6399236,625.28,245.0907081,463.04,242.7845094,646.4,242.1088583,1895.04,232.4074723,626.24,230.7175647,653.76,223.6963876,463.36,221.6064747,470.4,211.8049447,456,202.3073605,605.44,196.3721105
cat,2194.683321,380.5943053,739.2342151,313.5818663,727.2013864,298.8493963,2220.841644,297.1041258,2207.239316,293.4347289,2205.14665,290.162663,737.6647157,267.130462,768.5315371,255.7296424,2326.52127,238.0806037,2327.044436,236.7393008,2217.179479,232.3645237,2182.650492,220.5035968,2222.93431,217.9167898,2181.080993,215.1479903,2215.609979,213.3775979,2313.965275,199.2656378,3105.516136,197.2389369,728.7708858,194.4763651,2313.442108,189.6019744,2193.113821,186.1533556
cat,0,1326.73775,1007.227234,454.2836251,1004.037283,410.0593853,1005.632258,390.9485738,1012.80965,216.31383,1008.82221,202.5204297,1022.379505,182.1967142,1016.797089,181.7651739,1002.442307,181.7003875,1000.847331,173.2190911,1043.11419,147.3251317,504.809849,139.7824191,1028.759408,131.5345014,1036.734287,130.916459,1045.506654,121.1934547,1546.329063,120.9420017,1051.886557,118.8028247,1018.392065,112.6141682,1024.771968,111.4008202,1552.708967,109.5893912
cat,1609.343936,299.9465012,1607.355865,293.6259631,1617.296223,283.8905664,1601.888668,246.278174,1619.781312,242.3459305,1615.308151,241.313102,1585.984095,229.2779777,1596.421471,226.2522023,1512.922465,219.4743126,1554.671968,218.483453,1591.451292,215.1929563,1509.940358,213.6635574,1577.534791,213.1602617,1611.332008,204.2286896,1590.954274,202.9236219,1621.769384,192.8374231,1517.395626,190.9520161,1520.377734,190.1972174,1624.254473,184.8002541,1594.4334,184.2880383
cat,1788.16,281.259422,1787.84,270.5809654,1785.28,265.3484094,1785.6,219.8230146,6.08,192.0767734,594.56,181.7156308,1101.12,173.8388172,599.04,168.8255298,1101.44,168.317594,1784.96,167.8487523,1101.76,166.6193499,1790.72,166.5577203,1671.36,165.5879185,1671.68,165.2164322,1100.8,163.964097,1672,162.727902,1102.08,160.6356786,1178.56,160.4472421,1671.04,160.4019883,1188.8,155.1993037
cat,393.92,800.1758368,398.08,590.6032558,414.4,588.6234509,389.76,566.5760599,383.36,517.1830135,382.4,515.8965002,384.32,501.0454023,390.08,498.5452263,403.2,498.4681842,424.64,494.3665995,450.56,493.5298531,457.28,493.4212902,451.84,476.8371372,408.64,474.7899888,386.88,470.5030029,396.48,465.6206407,456,461.1985289,428.16,450.6827125,453.44,432.4854627,454.72,425.7130598
cat,424.96,302.3635591,432.32,235.0038572,463.36,201.4341255,469.12,197.0040521,606.4,196.9541319,426.56,189.4840929,684.8,186.4896563,462.08,185.4577184,607.04,181.4286694,502.72,181.0817671,722.56,173.6489257,424.64,169.8577825,545.28,168.957224,477.76,166.2382708,470.08,165.6450871,483.52,162.7657159,555.52,156.2610724,455.04,148.9342399,476.8,148.6631936,423.04,147.0634417
cat,2664.64,345.0068473,2663.68,339.3641407,2665.6,283.7785987,2662.72,282.5357839,2680.64,261.9445031,2681.6,241.0948608,2679.68,240.7167087,2599.36,236.605063,2594.88,228.2135531,2593.92,227.9330776,2685.76,199.3261781,2666.56,198.0645265,2686.72,196.5543856,2661.76,196.2861256,2591.68,187.9763923,2682.56,187.0891686,2611.2,186.5053057,2587.2,183.0995922,2600.32,174.4480643,2597.12,168.6158821
cat,1174.72,186.5868863,2343.68,184.4678835,2342.08,169.4630394,2345.28,160.1918704,2340.8,156.638288,2361.92,156.4922996,1171.52,156.2031652,1157.76,155.7035709,3494.72,151.94925,1176.32,151.6444355,2337.92,145.3291199,3493.12,143.2984743,1164.48,141.067265,2363.52,140.5566632,2301.12,138.5980726,2339.2,137.4633473,1159.36,136.3590122,3496.32,135.4934053,2295.36,135.2363519,65.6,130.314936
cat,954.56,225.9139955,952.96,208.6826865,956.16,188.073031,957.12,177.7586295,950.4,173.1487154,951.36,170.9994236,948.8,168.4471819,958.72,163.9556259,941.76,159.1107026,952,156.5305998,2872,152.9696337,1910.08,148.2119271,2867.84,146.7959182,955.52,144.8441474,898.56,142.0730414,940.8,139.8500199,2870.4,137.3927522,943.36,136.6377039,959.68,133.2101005,1908.48,130.1447327
cat,102.4,486.6981313,267.52,436.7765431,104.96,425.2090591,102.08,408.5338033,120,387.5124386,131.52,324.1691487,104.64,308.7932767,255.04,308.0310041,107.52,306.7253213,350.08,286.9260645,215.04,276.4605245,240,264.2667122,295.04,263.0617221,227.52,253.3326435,150.08,244.1495537,98.56,241.7078465,310.08,237.922809,97.6,231.6528195,114.24,229.3962014,322.56,220.1664206
cat,0,11340.22881,0.32,2511.45927,0.64,1178.645687,1.28,1032.908379,1.6,589.5053629,3.84,376.5604029,5.44,341.9768604,6.72,331.1832791,2.88,322.7550801,5.12,309.1326297,4.16,260.3665505,8,220.4645309,7.68,204.694071,19.2,141.5621759,9.28,139.0277556,13.12,123.889819,345.28,112.6162106,11.52,112.1798633,2299.52,108.4718469,2187.2,100.8813104
cat,2136,167.9271851,1492.48,166.0064817,2767.36,143.6726093,1488,142.5671971,1480.96,141.5480342,2490.24,138.0405,1480,137.7213442,1488.96,137.2614616,1474.56,133.1811832,2765.76,132.951153,1485.44,130.5512322,2700.16,128.7614478,1491.52,128.2712881,1475.52,120.4265717,1484.48,120.175894,2643.2,120.0799612,2642.88,118.5013694,2105.28,116.1665679,2142.4,115.5896373,2636.8,112.624304
cat,1927.68,341.0762764,1935.04,313.2934593,1927.36,303.2606675,1910.08,303.2397039,1956.48,293.3095467,1899.52,276.688572,905.6,270.0121429,953.28,267.8153901,1924.16,262.0151867,1935.36,254.1401634,1962.24,245.9605983,859.2,243.9131984,924.16,243.7747841,1956.16,242.857421,1908.16,242.6028634,965.12,242.4167898,1956.8,241.8956948,1891.2,238.0999975,1907.84,233.2553671,1901.44,227.0789809
cat,14.52599388,409.6870885,13.76146789,254.079748,11.46788991,251.7130145,22.93577982,230.8565524,1774.464832,183.7049872,6.116207951,158.1235031,38.22629969,154.5700786,48.92966361,129.0112791,1732.415902,128.8669659,19.11314985,122.4942087,10.70336391,116.7483878,1784.40367,115.9204057,1785.932722,111.0884612,1772.93578,108.6752545,1701.834862,103.7220504,1696.48318,97.79592007,9.174311927,97.64676704,1778.287462,93.83326034,26.75840979,91.23328492,1707.186544,90.08688759
cat,26.88,1065.383456,18.24,1041.769604,66.88,826.382479,68.16,826.3721404,4.48,662.4359103,23.36,656.7554804,68.48,653.2689321,34.88,635.9868797,23.04,610.9417106,14.72,567.9978816,36.48,528.1524597,10.88,507.4075951,5.12,464.3074186,41.6,448.7228758,22.4,444.3933596,35.52,437.0248586,11.52,404.1823241,9.92,400.4835632,9.28,382.5066156,23.68,380.5762829
cat,4.269449715,360.3012836,20.87286528,293.7327116,13.28273245,286.3975851,20.39848197,222.8752843,9.013282732,217.0990932,16.12903226,198.3269551,18.02656546,195.10116,29.41176471,190.678241,3.320683112,186.2572352,17.55218216,183.0101201,26.09108159,174.738233,5114.800759,171.0964833,16.60341556,167.7528022,3165.559772,165.3082822,46.01518027,144.279682,34.62998102,142.1740341,5107.685009,142.0140428,25.14231499,141.9721573,3166.508539,139.537166,8.538899431,138.6469218
cat,31.04,1792.276684,29.76,1051.723996,29.12,982.9738854,28.16,825.9102662,27.84,719.565153,29.44,690.4828839,25.92,645.1837879,28.48,643.4253887,26.24,615.2731422,31.36,596.8142027,5.12,584.6213677,4.48,565.3436602,4.8,554.9370579,22.08,525.710385,23.68,476.549927,2.88,466.0425516,61.44,463.6985585,22.4,444.6867488,21.76,426.5724851,35.2,416.8119756
cat,119.68,365.1495469,1574.4,186.3448596,1573.12,174.4209974,1028.8,164.5520306,1575.68,160.3008589,118.08,147.4875522,1030.4,146.1413192,1046.72,142.6974366,1027.52,140.0941563,239.68,137.6785051,1030.08,135.3296951,1045.44,133.389467,1571.84,130.6211952,1029.12,124.3381742,1031.68,124.1526853,1048,122.364635,1542.4,120.3669263,1026.24,117.9313446,1543.68,117.7426968,1544.96,116.8492406
cat,193.28,497.4365474,239.68,446.2356229,1793.92,362.6702584,119.68,359.6305766,1793.28,339.5195112,1794.56,335.6766956,1793.6,335.5546338,1794.24,334.8521197,118.08,327.5437575,1794.88,323.7943101,1795.2,311.2287134,1792.96,308.9809529,1795.52,289.2496907,1792.64,286.7720766,1795.84,273.1123893,117.44,257.3288645,1796.16,245.2598495,64.96,244.1212511,1792.32,237.1325812,1796.48,217.8737994
cat,3301.44,411.8315991,3302.72,399.6585726,2297.28,397.1734692,2299.2,376.2466079,3300.16,368.1084643,3304,304.8655856,2298.24,302.3620812,2286.72,300.8902896,2288.64,294.4902626,3298.88,290.8718586,1532.8,278.3129119,2295.36,271.2265617,2300.16,261.1909304,2301.12,256.0379684,2286.4,251.7071911,2288.96,245.2912889,2284.16,234.1330577,2282.24,233.069843,1530.56,228.4799176,3251.84,207.5984158
cat,990.5020353,384.478651,15.26458616,380.7873372,9.497964722,291.3449308,1018.317503,279.4773697,988.4667571,272.2377728,988.8059701,259.4510754,1518.656716,247.504265,9.837177748,232.6622884,1018.656716,229.8856482,1484.396201,224.2730827,1518.317503,220.7518719,1017.97829,220.6753645,992.1981004,217.5082901,1007.123474,212.8474867,506.4450475,208.3252417,1031.207598,207.767255,1515.603799,201.79037,494.5725916,198.4513681,1482.700136,198.1321924,11.8724559,190.3992504
cat,31.04,255.0481198,33.6,130.4229555,24.64,128.994952,33.28,118.7776271,9.6,108.6035203,17.92,107.1574104,33.92,101.8757048,24.32,95.64900074,36.48,90.88257537,31.68,89.56216625,38.72,85.23584388,18.24,81.23883784,30.4,80.70761307,11.52,79.02472142,26.56,68.88947765,28.48,65.86102928,27.2,63.86915162,35.84,59.80629809,29.12,56.26502301,19.84,53.77902349
cat,6.08,148.2116782,5.76,146.5841334,6.4,145.4232352,18.24,142.1598686,5.44,141.2158315,17.92,140.549368,18.56,139.2715311,6.72,139.0032843,17.6,135.9714713,5.12,131.5169294,18.88,130.0792288,7.04,129.1885593,17.28,128.7366355,30.08,126.4137459,30.4,125.6744586,29.76,122.5545777,30.72,120.6937844,19.2,118.8654728,4.8,118.5294012,29.44,117.0245717
cat,17.6,219.3842164,16.96,155.0604718,34.88,152.5946147,35.52,144.4108763,35.2,143.3398178,29.12,129.0300591,34.56,128.8162269,30.08,127.8384732,23.36,125.3592595,51.84,122.2102643,24.32,117.7586186,40.64,115.9388344,3.84,114.2196737,15.68,113.7967869,52.48,113.6724334,41.28,109.1786006,35.84,108.2830843,46.08,104.5159131,4.16,104.0036783,29.44,103.8357725
cat,2028.16,518.1569357,11.52,512.6335741,2024.64,495.6969904,2026.24,428.5317365,2026.56,416.7124106,10.24,390.8316991,9.92,390.3708288,2019.84,360.4916773,1014.08,348.9934297,1520.96,333.8813268,1817.92,328.36183,2027.84,323.2639823,11.84,312.9041611,12.16,311.7325222,1520.64,307.7477177,1818.24,302.4961539,1522.88,295.4078615,0,295.378495,2030.08,294.9834995,20.16,293.3059107
cat,898.6242502,305.7211361,1011.787878,299.3910085,897.1917992,293.9652023,497.0604912,277.6248755,1009.40046,264.0065809,1015.130264,263.5935236,498.0154585,263.5004936,501.8353278,252.9378571,939.2103614,235.4834942,900.0567012,234.3678953,2534.960757,233.766862,970.2467994,231.2758644,1002.238205,225.2173114,2538.303142,224.2871598,1012.742845,220.9999531,505.1777135,219.7010659,486.5558507,217.7573389,971.2017667,215.0755995,998.895819,213.0190184,483.6909487,208.8734877
cat,2054.08,365.2653144,2055.04,343.0459262,2047.68,287.7408652,2056,246.1717995,2052.8,228.2160168,2041.6,208.8268531,2058.56,207.2283015,2060.8,202.94419,2059.52,195.1250037,2472.32,192.6222405,2470.4,189.9273414,1643.2,188.2901597,2453.12,186.2872465,2040.32,170.5318859,2454.08,169.2307172,2061.76,165.0712405,2045.44,165.0050923,2401.92,164.9550904,2464.64,164.8930752,2469.44,162.934613
cat,24.96,1584.249679,1068.48,891.0263095,49.6,853.2491314,1069.76,671.9664809,54.72,630.0060789,54.08,619.6227384,1064.64,591.9620639,55.04,567.9635373,54.4,566.4622679,50.88,548.642877,64.32,489.1987448,87.68,483.4034405,24.32,478.0169629,55.68,474.8283231,1068.16,462.1436135,59.84,445.9262361,51.52,426.476239,77.12,415.8282295,25.92,406.9693807,1071.36,377.504363
cat,173.76,1003.82085,116.16,793.7156591,119.36,737.0610092,151.04,677.9024548,344.64,579.3967174,226.24,561.7704649,194.88,511.7780453,195.52,505.6191742,177.28,497.5758242,276.48,473.4648338,118.4,465.2302605,198.08,465.0657372,115.84,455.0773311,175.04,417.8383581,596.16,414.7836261,216.96,414.1760328,197.44,397.5920675,120.32,395.8792848,301.76,393.1811258,277.44,388.350342
cat,2000.663702,183.5988225,1982.611004,138.7702098,1978.363311,105.6701786,1880.666357,102.518967,1976.239464,102.5013514,1980.487157,102.2108878,2003.849472,97.57439258,1105.462269,95.55913587,882.4583527,93.68292746,2015.53063,93.49005085,1992.168315,91.81797099,1988.982545,91.30401212,1107.586115,86.4348059,1906.152519,82.93640749,1939.072144,82.77507403,1955.000996,82.03617834,1917.833676,77.89381069,1888.099821,76.79890945,1959.248689,76.40345576,1739.430544,75.58859789
cat,26.56,294.2072528,2274.88,221.7330876,2273.6,202.64985,3032.64,189.3552975,2276.16,181.7048511,3031.36,180.2013165,1513.92,174.0441771,60.48,167.9979405,1515.2,164.0540256,3014.72,163.7659812,3033.92,161.8181838,1517.76,160.2635704,3030.08,155.3684107,1516.48,153.6134513,61.12,151.3070511,3012.48,147.863504,2272.32,145.5349349,16.64,144.2434007,100.8,138.4006429,25.92,136.776205
cat,1481.995885,441.6273515,1483.024691,399.0778325,1493.312757,355.8475777,1419.238683,347.8825477,743.3127572,329.5719649,1420.781893,305.1311376,1495.884774,287.4618016,739.1975309,281.6463229,1492.283951,275.4364277,1417.695473,270.5998374,1480.967078,265.2595467,738.1687243,249.6091409,1438.271605,247.0375185,741.255144,239.4496915,745.8847737,237.3864078,726.3374486,232.6144423,1422.325103,232.0676941,1489.711934,226.0866958,2125,224.7736204,2132.716049,214.565776
cat,1828.63211,207.1565611,1306.165793,155.9139371,1830.755957,144.9688422,2087.741422,142.6274161,1837.127497,131.5966782,2352.16035,125.37734,765.6467777,122.6485673,1308.28964,120.3314304,2354.284197,109.1505532,784.7613991,102.4710048,762.4610075,99.54826491,3132.674056,91.53875896,1304.041946,90.97078272,1769.164399,90.40014442,2100.484503,85.54452491,2284.197252,85.08048458,2288.444946,84.84896507,2098.360656,83.57248113,2279.949559,81.23832786,1772.350169,80.59433453
cat,171.84,277.2022397,118.08,211.5213281,446.72,206.3829139,264.96,195.5735395,198.72,191.1766044,116.16,190.0320785,344.64,186.1196822,444.16,173.8296137,204.16,169.1671562,172.16,164.0197237,443.84,160.3764772,449.28,155.3969126,449.6,151.5745999,277.44,151.2461355,174.4,149.5349434,447.04,144.6667915,235.2,143.5739462,169.28,143.5384549,230.72,140.5791255,441.28,140.3832999
cat,120,452.874961,1863.68,267.8613512,1864,234.0976296,1863.36,220.0986768,1859.84,194.9634884,1860.16,186.8233857,1218.88,171.1426225,1867.2,170.6214971,1835.52,168.7836108,1825.92,167.8974998,1859.52,163.6003203,1826.24,163.2832166,1232.96,162.1059918,1847.36,162.0443275,1236.16,158.1936558,1758.72,157.9175983,1036.8,153.2735805,1856.32,151.5020941,1867.52,145.0287036,1759.04,144.4652463
cat,1474.56,252.8177841,1475.52,251.6338679,1842.56,250.6881216,1471.36,231.3368031,737.28,199.3637451,1476.48,194.7068182,1473.6,189.5988262,1458.88,185.4401387,1537.28,179.5307854,1843.52,178.9769228,1568.96,169.57444,1472.32,169.3667615,1470.4,168.4300105,738.24,166.8341198,1538.88,161.9844861,1839.36,160.2340685,1104.32,159.5752631,1477.76,155.3158644,1845.76,154.9338768,1582.08,151.1052243
cat,57.6,333.9410569,11.2,320.7373905,28.48,292.4353012,53.12,281.3633822,11.52,263.7164497,7.68,255.6361744,40.96,253.0709239,26.88,252.0956372,28.16,248.1488374,15.04,246.7165548,7.36,244.1359043,55.36,241.5530635,2.88,215.3379473,47.36,202.7592621,19.2,199.1391059,22.72,195.8451197,48.96,195.287771,46.72,195.0424874,22.4,193.4508524,57.92,193.4158784
cat,1155.84,260.8078944,1155.52,253.5824135,1144.32,251.4922915,1123.2,250.3990286,1144,243.4320401,1142.08,228.2187272,1122.88,219.223564,1487.36,208.0467397,1483.2,207.4622494,1125.12,206.4852212,1125.76,200.2711654,1124.8,199.1080036,1142.4,198.8133277,1126.08,198.140472,1480.64,197.7308671,1125.44,193.8787083,1123.52,192.5850448,1499.52,189.1894322,1528.64,186.9316132,1537.28,183.8355009
cat,120,362.2812466,1819.2,199.4832261,2431.04,185.0929777,1829.44,166.6146395,2427.52,157.5671074,2428.48,155.7082235,1828.48,143.5552295,1187.52,141.2368673,1221.12,141.1315144,1825.92,137.5986098,1056.32,136.0675027,1083.2,135.5835158,1083.84,133.5377271,2440.32,133.5354614,2429.44,133.0802404,1222.08,132.5837533,1044.8,130.0494932,1039.36,127.1814925,2430.08,127.0905125,1737.92,126.9763623
cat,23.68,122.2547052,746.56,67.47588115,5.12,66.90049584,747.52,59.55942415,70.4,58.53258337,47.36,56.7303765,2461.44,53.47801584,745.6,52.66346402,728.32,52.63866009,2006.72,52.61041408,23.36,51.5281428,2.24,50.9078103,2462.4,50.53319072,24,50.50430702,727.36,48.8041313,2261.44,48.78873504,2064,48.63298748,2232.64,47.96587997,2460.48,47.88853578,2080.64,46.58791401
cat,760.96,304.1463607,761.28,279.6126195,758.4,252.4187765,107.52,252.1927501,763.52,246.2889421,758.72,243.2381915,735.68,202.7974389,742.4,196.3231795,736,195.4516996,766.4,191.6345743,763.84,184.8635245,90.56,172.8791036,742.08,169.243115,742.72,164.711569,763.2,162.0710353,752.32,155.3311809,90.88,153.7585708,766.08,151.34898,91.52,139.6599067,695.04,132.5647098
cat,2101.44,73.01641754,1968.96,72.74466667,2099.2,63.29272294,2098.88,62.58857024,1966.4,59.96543648,2101.12,59.94345068,2111.04,59.57436044,6.4,59.20614042,2103.68,58.31074332,1964.16,57.75832901,2030.4,56.6383341,1992.64,56.07823171,2111.36,56.0665137,5.44,55.67697435,1971.52,55.54969489,2096.64,55.21650881,2108.8,54.22437753,1966.72,53.87962463,1969.28,53.12440376,2028.16,52.49599197
cat,758.08,356.135916,743.04,349.3838264,735.68,344.1163468,751.68,339.2955372,766.08,323.9174291,738.24,315.5563333,741.76,307.5348077,764.8,304.507199,769.92,294.2477515,768.64,285.0282773,770.24,273.8980432,768.96,260.3027368,737.92,260.024244,756.8,258.9852057,740.48,256.4527101,744.32,249.8745299,747.84,247.0521613,573.12,241.0891027,746.56,232.969337,749.12,231.1606716
cat,742.72,399.3537602,743.36,397.8910962,736.96,337.3808964,736.32,320.1370556,750.08,309.5738474,742.08,298.6511562,749.44,267.3927712,750.72,263.5002813,737.6,230.6870925,744,229.1516153,749.76,224.4643599,1492.16,220.9677742,1487.68,218.2616736,736.64,217.7544803,743.04,213.6861892,749.12,208.8797632,1494.08,203.0983024,750.4,202.7853541,759.36,197.1593608,742.4,191.8359506
cat,406.4,234.2385735,467.52,210.5144311,406.08,209.0315117,495.68,203.3083153,406.72,186.4649336,467.84,175.3379691,496,171.9760381,449.28,169.4464274,411.2,163.2256565,448.96,160.7248215,410.88,160.4272656,468.16,156.3203436,397.12,155.5429587,401.6,154.2176551,461.44,153.3336154,503.68,151.0131597,455.04,147.8716481,401.92,147.1750235,411.52,146.1437778,393.6,145.4349489
cat,1740.853659,255.7451702,1737.042683,231.5108405,1744.664634,200.1398591,1108.231707,178.2927482,1106.707317,177.2903013,1118.140244,160.6045589,1733.231707,159.8569446,1116.615854,155.1660413,1105.182927,149.4734817,1109.756098,145.7838069,1163.109756,134.6670665,1161.585366,130.0255653,1119.664634,126.3555258,1095.27439,123.928755,1738.567073,122.0167977,1096.79878,118.0285863,1166.920732,116.5618646,1157.77439,116.1423286,1748.47561,116.0871263,1126.52439,115.3485072
cat,2002.24,342.2428462,1998.72,311.3287969,1984.96,304.7988141,2003.52,304.68867,2000.96,297.0664734,2000,286.1415642,1974.72,276.318324,1976,261.9633599,1986.24,257.9794753,2007.04,248.8537185,1997.44,242.0565781,1972.48,234.8973349,1983.68,231.7377408,1973.76,231.5413218,2008.32,228.2448357,2005.76,223.8426951,1999.68,216.24326,1987.2,203.9619545,1955.84,202.8389315,2010.56,190.8933556
cat,29.76,1333.452422,31.04,1166.780256,30.4,1105.97517,89.6,597.4641783,88.96,532.9484889,29.12,403.0616419,90.24,373.5518218,31.68,356.7250202,88.32,308.1793672,32.64,298.7517905,27.84,242.0173877,33.28,198.9670234,87.68,191.2247134,61.44,182.4089291,34.24,175.3825268,34.88,175.2719859,60.8,163.9221058,28.48,153.9552997,59.2,152.2529736,8.96,151.0041003
cat,5.12,2479.917061,7.68,1218.710857,7.04,1143.284291,9.6,966.8295085,7.36,708.2255233,11.2,678.6256747,2.24,660.3510903,11.52,591.4321068,8,589.8421778,8.96,568.8970828,13.76,531.3502415,2.56,474.910591,4.8,425.9718108,13.44,401.7123228,9.28,358.437456,15.36,348.1536546,15.68,310.3524158,0,249.8461022,10.88,234.1682942,17.6,195.1072894
cat,1724.8,393.8531787,1723.52,373.3325357,1726.08,341.5738384,1722.24,306.3216919,1690.24,305.6379423,2480.64,299.1235909,1688.96,299.0886017,1717.12,290.7257144,1716.8,290.1521109,1657.6,285.6338151,1654.08,281.1688191,1727.36,280.9572626,1678.72,279.0092263,1675.2,278.4408877,1715.84,276.9647131,1680,272.4840154,1718.4,267.9881838,1656.32,260.4174403,1683.84,259.8419311,1720.96,259.0253007
cat,118.08,169.3501084,454.4,151.1428719,472,147.684401,481.92,140.6191488,131.2,128.2894341,453.44,127.5116128,488.64,126.1827059,78.08,121.3919343,104.96,120.8281288,72.64,115.836811,493.44,113.0394959,452.48,105.4877282,947.52,104.1601952,1180.16,101.0072634,87.68,92.71562893,413.44,92.22084005,418.24,91.53108108,420.8,91.09928812,450.56,90.38285487,523.84,90.10902026
cat,1158.018868,148.3242651,1154.08805,119.5301748,1149.371069,118.6197828,3500.786164,115.4182671,3474.056604,107.1788186,1153.301887,105.8887391,1176.100629,105.0544705,3496.069182,103.9877149,3469.339623,100.791428,1114.779874,99.70194965,1197.327044,98.86467593,1177.672956,97.25769429,3463.836478,95.12735996,1184.748428,94.01952512,3434.748428,93.90188096,2308.962264,90.28203274,3459.119497,87.67071482,3505.503145,78.9374359,3439.465409,76.47035892,1172.169811,76.36179365
cat,2160,218.9935556,2169.6,168.3532093,2295.04,167.4850652,2579.2,147.6204567,2259.52,143.5010261,2808.96,139.1480604,2090.56,138.949467,2792.64,138.0471289,2160.32,133.7007463,2840.64,133.4102495,2054.72,133.0438503,2169.28,132.8524178,2242.56,130.4553951,2672.64,128.7585047,2760.64,127.7491499,2416.96,127.567155,2299.2,126.7666026,2093.76,126.3810776,1923.2,123.6105789,2576,123.6046127
cat,484.1666667,210.6638906,483.75,179.787405,484.5833333,175.8536997,477.9166667,149.2178051,495,146.0626452,495.4166667,144.8317792,515.8333333,131.6360426,993.75,124.5939891,515.4166667,124.554634,993.3333333,120.2788347,442.9166667,118.1478686,952.0833333,117.8625592,483.3333333,115.9501577,443.3333333,113.8214198,1103.333333,113.3927989,478.3333333,107.5748184,983.3333333,102.837853,951.6666667,101.8980791,453.75,101.7372054,994.1666667,101.0566235
cat,14.72,892.0752016,12.16,794.5381009,14.4,702.1906388,9.92,685.5101496,25.92,509.089504,11.52,504.2524701,13.12,431.3819282,35.2,365.8045454,3.52,361.0964763,16.64,359.3608992,6.08,347.7327078,21.12,343.6840284,61.76,334.437507,18.88,305.1035346,26.56,301.012249,21.44,293.8335299,24.32,282.1550043,5.76,267.2830673,48,264.0992255,35.52,251.3810031
cat,3.84,790.6290029,4.8,691.1297731,7.36,372.9224783,6.72,332.258891,3.2,327.2610643,6.08,290.749352,9.28,214.5485529,5.44,210.7690458,10.56,192.7446374,28.8,147.3107389,31.68,144.7134386,13.12,139.0423755,12.8,131.8539733,10.24,127.1823354,16.64,119.1587798,11.2,118.9670577,17.28,110.840634,4.48,107.9771198,8.64,95.74210005,16,93.6622595
cat,398.4,508.0592599,395.52,481.8794581,414.72,461.7902158,395.84,434.9495886,416.32,402.325304,408.64,361.2280808,398.08,334.3636498,402.88,327.9334217,19.2,323.3447887,413.12,321.0030891,400.32,304.4900289,416.64,302.185909,418.24,301.3307043,402.56,264.5597874,395.2,262.6745543,792.96,262.3828729,407.04,257.517589,391.68,252.6269581,398.72,244.1403835,419.84,236.7772132
cat,58.88,395.3817431,118.08,312.4293239,73.28,299.1178114,120.64,273.1796995,72.96,271.9072619,88.96,240.6347172,57.92,197.7054493,67.2,179.5444933,86.08,165.696087,81.28,156.1870322,56.64,154.8857204,118.4,151.5308154,134.4,149.0169216,55.68,148.8982333,56,143.2037924,270.4,142.6055341,104.96,141.7196739,57.6,140.7655478,65.6,137.1784427,56.32,136.0074181
cat,1167.747823,100.4939334,599.0676566,89.15119147,1172.088893,84.57231951,241.126705,82.12133443,1163.406753,77.69612698,1160.249612,75.29887427,1164.590681,73.81178307,1176.429963,70.67938883,1175.246035,70.39633468,1155.908542,65.48369642,299.928471,64.94123722,660.6319217,62.90781412,239.1534914,62.42428319,699.7015514,62.31109373,700.8854796,62.22430838,1173.667464,61.73441134,410.8230767,61.68358058,1068.297857,60.86090632,697.7283378,60.25271907,707.1997632,60.17900106
cat,302.4,78.16973341,528.32,76.611887,315.84,63.39234474,326.4,63.20388793,281.92,62.06304577,283.2,61.68847131,325.76,58.55639926,547.84,58.14897191,253.44,56.33810942,402.88,56.30570119,262.72,55.21528488,579.2,53.96902784,400.32,52.97591304,301.12,52.70377907,570.56,52.01210752,225.92,51.5598431,424.96,51.55698456,569.92,51.21158702,628.8,50.60976085,313.28,50.22141454
cat,17.6,1086.702246,17.92,963.357421,17.28,700.2374446,18.24,498.8211243,14.72,443.451476,14.4,413.6617122,5.76,368.7690172,6.08,338.9708892,22.72,332.1932665,22.4,292.0343191,23.04,289.3578071,15.04,274.7164282,14.08,273.187672,24.32,246.7414058,36.16,241.1253055,10.88,239.3507829,35.84,216.8383535,23.36,208.29297,5.44,207.3986023,35.2,202.2443067
cat,1284.16,377.675625,1285.12,373.3820031,1280.96,346.5346424,1926.08,344.1651193,640,338.5631118,1283.2,338.059481,1282.24,325.1703232,640.96,315.8814718,636.8,315.6614771,645.44,314.4203526,1925.76,313.1962441,1926.4,312.645687,644.48,303.4302916,652.48,294.9767007,1281.28,292.3120326,1271.36,290.0954551,630.72,287.7189031,640.64,280.1952688,1926.72,277.252395,1281.92,274.1332411
cat,14.72,121.7711002,8,115.5889735,8.96,112.6638591,7.04,111.21909,9.92,94.88846806,7.36,93.07495247,3.2,88.75055984,20.48,78.41272319,293.44,78.41118881,2.88,75.95548529,217.92,75.84967611,182.08,74.22651608,220.8,73.16269252,35.2,69.19735422,190.4,68.73151666,14.08,66.31569198,221.12,64.38405791,192.96,63.08161021,232.64,63.07500944,236.16,59.99775364
cat,451.52,1106.030678,452.48,1004.874929,450.56,877.7869188,454.72,736.8966973,453.44,600.9474604,435.2,554.0448356,455.68,538.9152147,433.92,538.3020499,447.04,537.1969351,453.76,457.8736143,448.96,448.2967202,431.68,387.2162635,448,366.7486517,437.44,351.0912313,459.84,327.6994268,440.32,327.247043,891.52,324.9061738,458.88,316.4877182,449.92,312.8880425,441.28,296.3636738
cat,100.16,403.8107151,48.64,242.9291771,8.64,213.3429574,8.96,189.8519288,77.44,180.4162927,100.48,168.6147542,2.24,166.4197162,2.56,159.7124193,84.48,130.1717148,48.32,116.1424457,1589.12,105.5908146,1590.08,104.960727,1589.76,104.4197842,1588.8,102.6231804,1588.16,102.5411172,100.8,102.5296868,53.76,102.0795849,1591.04,101.2083915,196.48,98.91053488,1590.72,89.94426753
cat,493.625059,139.2596475,1721.643318,119.1325932,977.1761373,112.4632684,483.0473792,109.0918272,491.6102629,104.2907922,1665.229026,103.3452371,424.6182906,100.0978883,525.3580985,99.85597551,416.5591059,99.44478954,964.0799622,98.77041732,321.8636864,94.7400838,979.1909334,92.44510938,450.8106406,89.81517812,977.6798363,89.01807433,415.0480088,88.87458427,447.7884464,88.68101724,483.5510782,87.67917641,428.6478829,85.15979193,322.3673855,84.34328291,466.4253109,83.76155824
cat,582.4,394.8421395,600,382.1739133,598.72,362.5316949,552.64,355.5550815,579.84,337.4157303,527.36,331.6165559,534.4,320.0574154,579.52,317.1433038,518.4,314.2654143,575.36,312.9565413,581.12,311.8779874,676.48,298.8340209,679.68,296.4015806,623.04,292.8640457,553.6,290.9700007,552,287.7449988,681.28,286.5294593,596.16,285.2660281,583.68,280.8305138,703.04,280.2456392
cat,1956.054429,395.3707713,1955.630857,386.7101526,1958.59586,368.0186871,1953.089427,332.4479432,1959.019431,331.3247352,1981.892307,296.3889335,1952.665855,280.66039,1961.560862,269.9010133,1943.770848,262.6943163,1971.726584,255.0993504,656.9598136,248.5773348,1928.522264,246.4982194,1964.102293,245.6395342,1984.857309,235.0770101,1944.194419,233.5405923,1992.058029,230.3944964,1920.050829,227.5974347,1923.015831,226.9031367,1974.691587,224.8706638,1969.185154,224.4098774
cat,8,804.3261441,8.32,767.9428708,10.24,747.9795177,7.04,522.3629023,8.64,393.2466335,10.56,355.7824563,512.32,301.5559914,510.08,291.4270339,9.92,279.9802747,472.64,270.1589971,474.88,252.6432769,6.72,245.8388155,17.28,243.6578973,945.92,234.4072228,14.72,230.8527974,516.48,222.1845307,513.92,221.6647097,22.72,217.2676262,511.68,211.1459162,474.24,207.6310122
cat,768.0958967,348.4786887,798.5246657,192.3053134,759.7971415,166.4821961,744.1217151,163.9969682,706.3162748,144.691348,736.7450438,133.1486549,709.0825265,130.7787837,789.3038266,129.3803662,788.3817427,128.6385531,716.4591978,115.9111794,686.9525127,115.0076884,745.9658829,106.7261722,686.0304288,101.9764636,761.6413094,101.2155114,1596.127248,99.97750676,750.5763024,98.4324207,1534.347626,98.01693845,725.6800369,97.2540621,799.4467497,94.86707794,1579.529737,93.54791302
cat,1595.2,323.8155235,1212.48,320.7276981,1596.48,300.8691496,1210.24,274.749371,1568.32,246.7947278,1212.16,237.2063992,232.96,234.1591505,1593.92,228.9801316,1620.48,227.6264975,1566.72,224.0871903,1614.08,220.4324407,1598.08,218.7149913,1615.36,215.8290518,1209.92,213.7896627,240,202.1859542,1597.76,188.771729,229.76,186.7633784,1596.8,185.9131494,1558.08,185.8664816,1559.36,185.7082769
cat,797.12,441.7342186,772.48,358.9792404,549.44,311.9498965,798.72,298.4503521,768.32,283.8756245,766.72,270.611309,795.52,261.2392888,223.04,244.5589974,237.12,238.3248174,733.44,222.3529176,514.24,221.5854482,760.32,221.4320963,543.04,221.2598404,816.32,211.6048168,755.84,210.6189302,238.72,209.8558532,548.16,207.0229351,1594.24,206.3346732,240.32,205.2422134,749.44,204.4845083
cat,540.8,260.7276631,528.64,247.2158312,539.2,239.2190594,526.08,231.3618726,531.2,212.9040211,538.24,205.3351945,527.68,197.1097994,530.24,186.7098614,548.8,182.9958846,547.2,176.904253,523.52,167.186355,542.4,166.5303432,576.64,157.591363,527.04,154.5063244,1069.12,148.9907955,541.76,148.4324141,1067.52,141.5089227,525.12,140.8538458,1081.28,139.4018016,529.6,138.5693862
cat,942.2660694,367.2159877,902.8036442,354.1589114,935.8232244,342.0930214,939.8500025,331.6012433,914.8839785,322.3283345,929.3803795,279.2141323,918.1054009,253.775187,933.4071576,253.593424,1178.235265,250.7891324,898.7768662,232.1827241,945.4874918,223.6694708,1180.651331,197.0814065,922.132179,196.2974568,884.2804651,187.0441748,947.9035587,171.3965393,1171.79242,161.87684,904.4143555,155.5872521,910.8572004,153.7212314,916.4946897,153.2994059,1127.497861,152.6202562
cat,893.0775868,252.7958982,871.8391186,167.0432195,877.1487356,158.8300067,886.7060463,157.9555714,1340.147342,145.5898587,889.8918166,144.4919858,903.6968209,143.755895,859.0960377,137.6763751,895.2014336,133.4381551,854.8483441,133.139802,910.0683613,131.8149673,1342.271189,126.6520419,1347.580806,123.7288784,842.1052632,118.2792785,1361.38581,115.8969168,905.8206677,103.7941019,862.2818079,102.3648053,879.2725825,102.02838,827.2383354,101.4658104,1318.908874,95.32853195
cat,100.16,576.8549404,4.16,572.816035,5.76,524.0266592,46.72,517.4958988,48.64,486.2299372,2.56,482.7406475,3.2,429.7254193,4.8,395.4494895,83.84,386.7325392,77.76,368.9741255,70.08,346.8826749,204.8,340.7489115,19.84,323.5145546,77.44,308.6906131,7.36,288.2061314,26.56,284.413793,414.08,281.7730649,184.64,275.4625345,115.84,274.5563912,200,272.6168097
cat,1324.8,207.7777565,1944.96,165.2340827,1945.6,149.9723149,1325.44,147.516984,1309.76,146.9339669,1343.36,145.3897452,659.52,142.5930051,1332.16,141.8079117,1322.24,141.7911788,667.52,139.4574645,1942.72,139.4248752,666.88,139.0004955,649.6,138.9350952,1345.28,138.8605559,1967.68,138.4904656,651.2,137.4675169,1322.88,134.5309946,1329.6,134.2750952,1947.84,134.1721297,663.68,132.7708728
cat,639.04,281.477424,660.16,254.2176255,553.92,232.9158767,525.76,231.6901209,669.44,221.2033964,638.08,214.087407,670.4,209.5786796,657.92,209.268581,648.96,204.4487894,635.52,192.0222346,637.76,186.6018987,550.4,185.5109229,631.68,181.9961648,632.64,175.2415566,671.36,173.7522975,1109.76,173.1882167,630.08,171.0772605,629.12,170.6859899,1267.2,170.0789839,1111.36,168.2752687
cat,651.84,260.6217466,637.12,228.8161112,31.04,215.3696921,64.64,204.5811974,647.04,183.8046943,635.52,172.6783341,654.72,171.7245752,651.52,170.1701595,490.56,164.5530676,489.6,156.4777042,647.36,146.7112012,120.32,146.3411634,491.52,146.0765319,488.64,142.4008976,645.44,142.3987849,487.68,142.1524231,1306.56,140.7239455,1306.88,138.9614327,654.4,136.1633701,635.2,134.5006797
cat,140.8,154.9655248,310.72,149.8428503,202.88,130.117827,198.08,123.3906453,352.32,119.4131819,157.44,117.1636285,147.84,115.0477317,305.92,113.6465629,209.28,112.7362498,139.2,107.7613409,203.52,107.6725416,342.72,105.6058334,311.36,99.11297398,238.72,99.08587301,130.56,98.43927453,296.32,96.52945685,343.68,95.93178417,320.96,94.36282004,315.84,93.45699671,287.68,92.53160281
cat,27.52,370.6787735,81.28,306.6418763,28.16,273.6088843,16,232.768202,29.12,201.5101388,7.36,199.6965011,82.88,196.1733904,26.56,194.4029089,78.4,186.2245334,53.76,183.4603586,20.48,180.6034344,53.12,177.8115098,54.72,176.2596213,9.6,169.2849771,4.8,163.7803505,19.84,161.0220037,25.92,157.1715195,80.64,155.7279988,6.08,155.5862902,5.76,148.4516191
cat,1502.72,434.1606878,1500.16,404.2096822,1502.08,374.2493385,1486.72,360.7519397,947.52,353.0916894,983.68,339.7348297,921.92,325.2111263,951.04,324.0215485,1823.36,312.9579877,1495.36,307.711123,1503.36,307.7036772,1484.16,300.7735772,1436.48,292.4316851,1483.52,290.4423292,1499.52,290.1083664,1821.76,285.9776815,970.56,284.3984957,1967.36,277.9849956,1824.96,270.5117643,1967.68,269.1425956
cat,1407.344871,171.1549915,1411.566062,159.6222391,702.4060785,124.8703203,650.0633179,115.3978343,1897.002955,113.486928,694.8079358,106.71998,685.521317,100.7944592,1235.964542,97.32405885,1408.189109,95.53220923,631.4900802,95.19228794,1234.276066,93.96404089,2526.804559,93.85208115,1415.787252,92.35370666,710.0042212,91.95348153,1895.314479,90.63519528,1265.512875,89.8210132,710.8484593,89.07523616,1852.258337,84.89423101,1259.603208,83.82261218,2531.025749,80.17238016
cat,663.68,730.8421899,663.04,470.0102464,1230.72,282.2399679,1262.08,268.3389673,666.24,260.4676943,1242.88,258.4331859,679.36,251.6675487,1789.44,251.4395647,1236.16,246.3446168,659.52,243.1667409,1234.24,240.4033834,1309.76,235.1131901,1190.08,227.6438868,673.6,219.8013056,1222.08,214.7244603,1242.24,209.8702255,1788.48,206.6331721,1237.12,205.7559896,1234.88,205.656181,1550.08,205.594103
cat,928.32,760.7397975,928.64,733.9477244,930.88,616.8335369,931.2,600.7447717,862.4,549.7919718,867.52,511.6234168,864,461.3632636,899.2,425.3737033,919.68,399.1926568,920,388.9794128,867.84,383.779048,895.36,363.3805288,857.6,351.4392817,862.08,346.1041935,899.52,344.5890275,928,342.1789697,895.04,341.5897523,871.68,335.7562707,926.08,332.721436,841.28,323.1441928
cat,1185.929648,828.5599708,1187.475841,585.6169831,1184.383456,483.9617706,1175.879397,355.3091963,1193.660611,347.0901098,1804.406649,334.8659628,1174.333204,317.7499903,1802.08736,307.1487999,1806.725937,301.2678737,1171.240819,300.9221461,1169.694627,264.9353117,1812.137611,244.0189694,1172.787012,239.1797545,1206.803247,238.5767899,1177.425589,237.4594085,1799.768071,236.5357843,1814.4569,223.1003272,1180.517974,215.681578,2526.478547,213.2615701,2522.613065,203.0081745
cat,85.12,1490.886364,84.8,781.6732459,171.2,548.3188002,169.6,510.0730861,170.24,427.2899825,187.84,420.0924028,136.96,401.5387614,153.28,399.0519924,108.8,392.0017515,170.56,366.635955,152.64,331.0480557,540.16,314.8019332,50.88,303.9648014,136.64,299.0861428,137.28,295.5605815,303.36,293.0677192,596.16,292.5262909,152.32,292.4085951,152,291.6057649,303.68,268.2204376
cat,2081.6,117.995273,2084.8,108.9855781,2100.16,106.8929335,1896,102.0365123,2094.72,98.52242098,2107.84,97.81608669,2089.28,96.47085464,1968.96,95.97452285,1855.04,93.62059919,1965.44,92.76578829,1879.68,91.73579587,2079.36,91.70992022,1907.52,90.37539896,1981.44,88.799801,2083.84,87.47416549,2009.28,86.66198612,1839.36,86.40986228,1968.64,85.82499684,1965.76,85.54036364,1953.92,84.50538583
cat,459.8976109,201.9896321,449.6587031,169.39207,1919.795222,165.8724553,455.6313993,165.8488983,1922.354949,162.6894499,421.5017065,143.8531667,464.1638225,114.4275959,452.21843,114.0391988,1282.423208,113.8415617,616.894198,112.930654,2560.580205,109.5491422,630.5460751,107.7922677,1924.914676,105.739762,1267.918089,104.9072947,468.4300341,101.9185058,903.5836177,98.93103305,2563.139932,97.54174466,482.9351536,96.83503191,1251.706485,95.71235829,1284.982935,93.18027137
cat,958.59375,238.2782469,1913.671875,211.8035574,1432.8125,211.2432342,1859.375,206.036845,1860.9375,201.7935467,1857.421875,201.3675371,1914.0625,201.3048661,958.984375,192.6330272,1871.09375,189.5376884,1432.421875,186.9082349,2406.640625,183.3485226,1913.28125,180.7144015,1435.9375,177.1710677,2406.25,177.1055617,1862.890625,175.6164067,1906.25,173.0713115,2337.5,172.7978005,1872.65625,172.7815469,2325.78125,171.4990543,1923.4375,170.3613309
cat,1200.32,578.6507219,1201.92,412.0399562,1828.48,390.1317058,1180.16,367.9702338,1198.72,367.8768602,1825.28,340.2740309,1179.2,338.4870874,1171.2,313.266079,1181.76,301.1653376,1825.92,296.0640144,1194.56,295.0938706,1172.8,294.9618852,1170.24,290.9278622,1192.96,285.657946,1174.4,285.3843861,1182.72,280.0429919,1828.16,266.8449824,1208.32,265.4050791,1177.6,265.0299645,1176,246.6734702
cat,1185.945274,426.2465228,1184.701493,410.1439163,1803.482587,273.8016993,1189.054726,273.1903519,1801.616915,254.5762163,1805.348259,231.9059039,1813.432836,226.7915627,1807.21393,211.1142119,2525.497512,210.341094,1799.751244,205.9477703,1815.298507,199.2965825,1811.567164,194.8246466,1169.776119,193.5935558,2523.00995,191.2389731,1171.0199,189.8958408,1194.029851,184.6467566,1163.557214,181.4785879,1166.044776,179.2177183,1167.288557,176.1847272,1164.800995,176.0996929
cat,30.08,288.1607092,29.12,187.8919985,30.4,131.5659112,31.04,115.5307895,57.28,102.7870346,31.36,99.21781742,32.32,99.01089423,57.6,89.95149918,56.32,83.06896781,80.96,65.45150113,26.88,61.6420397,85.12,60.1320732,54.08,51.20860845,24.64,50.17893619,29.76,50.03834628,58.56,48.43138596,56,44.81543845,64,42.96295188,33.28,42.16748973,81.6,40.41214294
cat,340.16,695.956958,339.52,667.976207,342.4,653.7911999,341.76,513.0877503,332.48,497.7427326,334.08,487.4524508,343.04,443.9566216,337.92,431.2176975,310.4,405.0373499,328.32,384.5260924,345.28,382.4050647,311.36,367.978284,313.92,367.089383,326.72,356.8320027,327.68,350.2735174,272.96,350.068946,345.92,349.7375672,273.92,335.0015408,317.44,328.0215565,314.88,327.8954029
cat,1351.04,617.027258,1352,483.2719118,1348.8,475.1729472,1350.08,440.7968325,1347.84,428.2704536,1354.24,343.5581121,1360.32,291.0398633,1353.28,281.3416956,1361.28,258.1210955,1355.2,238.0354126,1349.76,237.5170445,1346.88,207.870567,1345.6,207.380877,1359.36,197.693652,1352.96,184.3331679,1346.56,179.3467189,1952,178.3174795,1381.12,176.0438474,1356.16,175.6540359,1357.12,166.0859933
cat,30.08,790.3974537,31.04,509.9796609,64,494.7196685,25.92,487.8739188,28.8,408.6023932,36.48,389.4331393,33.92,365.0242405,34.24,312.0316082,27.2,288.4603294,22.08,284.8558593,20.16,274.4642335,17.92,264.670659,63.68,260.7972637,281.6,256.7468285,32,246.6465601,48.64,246.5845196,47.36,243.1817915,37.44,242.0576111,24.32,235.8713226,32.96,223.0364254
cat,359.5006935,205.6384895,360.6102635,189.3924804,326.7683773,134.6618759,358.3911234,133.2305446,289.5977809,121.4293599,355.6171983,118.4951306,327.8779473,114.1647466,320.110957,108.8636939,490.9847434,101.6447362,325.6588072,99.7490601,323.9944521,98.74372918,356.7267684,94.33086007,361.7198336,94.10716312,382.8016644,94.01049468,362.8294036,89.54325396,378.3633842,88.29468228,353.9528433,85.45569023,329.5423024,82.28639739,379.4729542,81.4488505,351.1789182,79.01120548
cat,1502.08,88.49272424,1498.56,82.76684662,1500.8,79.20202309,1497.28,78.71519332,1503.36,72.94336998,1505.6,68.09804694,1522.24,67.97284138,1499.84,67.48568386,360.32,66.32409547,217.6,65.24194954,1541.44,64.16448882,428.48,63.64190144,168.64,63.37773003,1523.52,62.89210319,1504.32,62.14388449,393.92,62.04940029,1518.72,60.86742371,179.2,59.56045849,1524.8,59.4216831,1499.52,59.27258325
cat,737.92,528.8772353,737.6,513.359384,738.24,446.7854776,737.28,402.7013502,755.52,364.8873403,749.12,332.7101441,755.84,326.0358924,738.56,321.8886463,733.12,313.3633496,733.44,312.7752284,749.44,289.6134216,380.48,288.2124949,748.8,275.1042636,733.76,273.7238605,380.16,265.9318617,732.8,260.1994151,1474.24,257.9347796,371.84,240.9208157,371.52,236.1390465,1474.56,227.6678556
cat,1185.92,1115.67275,1186.56,1108.139964,1188.8,989.4728312,1176.32,969.4897942,1175.68,836.7639957,1173.12,771.4652419,1181.12,717.490201,1180.48,685.8083269,1191.04,640.1619194,1188.16,637.8458095,1223.36,633.9862221,1225.6,588.854589,1221.12,563.6720809,1169.92,539.815461,1172.48,501.7716182,1226.88,487.42907,1227.84,485.1773945,1224.64,471.7543052,1185.28,463.4865347,1183.68,440.1317447
cat,97.28,344.0429758,88.96,295.2517022,93.76,273.6342706,90.88,254.7903528,48.32,233.9994045,826.88,202.1163621,825.92,183.0488685,2160.64,173.7813554,72,171.8630542,837.76,169.4899239,88.32,167.4103852,1233.92,166.6622515,76.16,165.2359891,88.64,164.3753024,2238.72,163.0673256,91.2,162.2759846,2152.32,159.1195939,92.8,158.1926191,2153.6,156.5379763,827.84,152.017159
cat,1518.4,433.3955397,1518.72,392.5599478,787.2,376.867926,763.84,370.9273313,763.52,363.1308693,786.24,361.6562401,760.96,361.2201337,786.88,357.1161843,786.56,354.1160817,1525.12,335.7094371,791.68,331.9493509,754.88,327.6380916,761.28,327.2344593,785.92,319.034954,693.44,309.6090945,775.36,306.1345256,777.92,303.667596,787.52,291.4893699,1543.36,279.2078268,778.24,272.4189821
cat,431.7587492,230.8778634,432.6489735,208.0836624,430.868525,177.3751299,433.5391977,132.6829805,470.0383909,102.907112,859.9566016,91.36170804,413.0640405,88.88323169,2254.937962,82.8872984,470.9286151,80.70544471,397.0400045,79.17337271,384.5768653,75.22464448,401.4911256,74.797944,413.9542647,73.03236568,476.2699605,72.34064263,402.3813498,72.16223872,372.1137261,71.29247485,397.9302287,70.83061562,1662.048628,66.44025631,464.6970456,66.05091659,477.1601847,66.04344806
cat,1000.64,433.1144238,1001.6,420.0933064,986.24,407.8604969,992.32,353.2357335,1023.04,348.4518252,1010.24,345.021899,1022.08,327.1027528,993.28,317.4885116,995.52,314.9719435,780.48,309.2342987,1019.84,308.8416783,987.2,297.4300679,1001.92,273.1045619,1011.2,270.4901729,1013.44,270.2080888,981.12,262.4243236,777.6,260.0907446,1042.56,258.1587284,778.56,253.1719231,1039.04,243.0792782
cat,203.2,246.0892544,295.68,203.1846808,166.4,198.8648852,249.28,185.915305,194.88,179.0965918,210.88,164.183152,297.6,163.8100247,206.72,161.682455,299.52,161.6390541,123.84,160.7341715,429.76,157.7960773,114.88,156.6253158,267.2,154.0111312,200,152.9804548,89.28,149.1636419,161.28,149.1470104,136.96,146.5876838,207.68,143.7332712,118.72,140.0172146,77.76,139.3761826
cat,27.2,258.5852617,79.04,225.2996629,31.68,141.0169605,25.28,129.6357924,53.12,125.7792878,31.04,124.8591125,32.96,119.0487216,1990.72,108.484461,1985.6,106.9430185,12.16,106.4125899,32.32,104.2745754,1988.48,102.8962425,1982.72,98.3866147,1987.84,93.50581735,1993.6,92.15222692,33.6,91.6236711,655.68,90.61127198,1984.96,90.5023053,1991.36,89.63959502,98.24,89.40446372
dog,571.52,704.2959729,570.56,508.7330095,567.04,451.7866926,568,439.4750414,573.76,404.8920194,572.8,402.4433549,569.6,343.3910986,563.84,338.4164784,571.84,321.5238033,725.76,309.7414097,723.52,309.4795983,715.52,305.5755555,565.44,294.1873862,580.8,291.633096,581.12,284.6475763,566.4,278.7125135,713.28,249.3658994,579.52,248.947615,568.96,248.2871101,572.48,246.6211917
dog,778.1226903,535.1656365,776.1517615,514.3935735,775.7575758,497.0923625,773.786647,323.4751136,780.4878049,313.7406314,778.5168761,308.3245937,773.3924612,283.7869181,782.4587337,271.8370285,771.4215324,251.3013046,777.7285046,249.2086768,780.0936191,226.9882267,539.6403055,226.962342,737.9157428,224.9701211,765.1145602,219.9332691,775.36339,193.5212386,738.3099286,192.9631072,542.0054201,187.0951352,776.5459473,183.9166838,739.8866716,179.0415253,740.2808574,177.7519817
dog,555.1467936,204.854951,564.95708,182.4533174,576.4985934,157.2306441,567.8424583,153.0626174,558.032172,136.2315997,622.0875712,130.2851697,622.6646469,124.7861834,692.4908029,113.0080868,613.4314362,112.2440773,629.0124793,112.1837527,1371.13179,110.4012418,663.0599437,110.3806835,662.4828681,109.8813335,566.1112313,107.8592788,619.2021929,107.5506447,705.1864676,105.3079548,566.688307,103.9490705,975.8349564,102.8347575,545.9135829,96.65148879,1193.969559,94.69875592
dog,654.1197205,292.8317173,662.6801788,222.951469,652.6090514,205.6003881,772.9590231,188.3996619,657.6446151,187.5111577,774.4696922,180.3503521,736.1994083,179.400567,776.4839177,178.6797319,749.2918739,170.4067418,781.5194813,170.1553827,660.1623969,168.6947244,734.1851829,167.3670993,751.3060993,167.0689674,774.9732486,165.3330217,735.695852,164.5408816,630.9561277,159.314444,779.5052559,153.7849082,665.1979606,147.8617445,777.9945868,147.660439,666.2050733,146.9200548
dog,620.5473067,253.0728346,623.7432585,190.4006252,716.4258606,176.264446,739.3301818,169.177968,694.054198,165.4405423,617.351355,157.6285465,780.3448965,157.5778386,741.4608163,157.2833591,632.7984553,151.5282763,657.833411,146.7619458,655.1701179,146.7340481,583.7938611,143.9582376,601.371596,142.2594792,624.2759172,138.4542807,755.8425994,131.4674459,621.0799654,129.254813,753.1793062,125.1098364,716.9585192,118.4722282,661.5620214,116.4760788,673.81317,116.0977284
dog,766.8007668,317.8944766,767.2327672,268.6147735,756.8647569,187.4570326,633.3126333,185.3740187,757.2967573,178.4436569,770.2567703,178.0564297,753.8407538,175.3659532,753.4087534,174.579179,623.3766234,172.5442362,769.8247698,164.6424567,763.7767638,154.2820811,628.1286281,143.3281783,766.3687664,139.3284866,592.2725923,134.6169364,625.968626,133.1801346,602.6406026,131.3843439,632.8806329,130.3593756,591.8405918,128.7438938,588.8165888,124.3963997,628.5606286,119.8721526
dog,683.84,591.665847,684.16,552.9946422,683.52,482.9968099,724.16,410.9077506,600.32,385.8695263,586.88,385.5335885,599.04,344.3400587,547.2,341.4213093,723.52,327.2315973,595.52,323.0329714,689.92,298.8467687,589.76,296.5027183,588.48,288.2636858,589.44,282.2719197,600.64,280.7158094,690.56,276.4395546,597.12,266.744405,723.84,249.6922034,555.52,243.0317908,584,239.0552542
dog,625.4850449,362.3324583,605.0468776,340.7567959,623.9425418,335.5675842,653.6357282,321.8101447,650.165096,310.9747474,613.5306452,306.1372028,578.8243233,303.7119655,620.4719096,287.8940442,579.9812007,276.6639516,654.021354,273.7374051,650.5507218,251.3481681,613.916271,250.4193804,615.0731484,244.3272156,654.4069798,242.6731508,600.4193681,232.9383414,688.7276759,231.9912846,615.4587742,218.6782552,677.1589019,212.7050903,624.7137934,212.1699729,781.2778675,211.8656895
dog,291.2,927.648502,287.68,871.6793326,290.88,837.7675781,288.96,830.6723201,283.84,818.5522407,558.4,800.3615406,533.76,706.9960843,562.56,699.2892953,289.28,692.6502647,580.48,688.4653468,561.28,687.4857572,544.96,683.7372809,544.32,619.9988976,563.52,589.3582455,564.16,569.1200105,528.32,556.3022364,617.6,556.0814938,580.8,535.4755061,923.2,529.4713046,582.4,521.4726328
dog,596.16,460.8465611,591.68,408.4082613,605.76,388.626666,612.16,362.2030837,616.64,355.7356737,594.88,352.601718,539.84,335.0796173,610.56,295.3775523,585.28,276.5206297,609.28,267.6565821,612.8,243.8695055,538.24,237.4606071,537.92,233.6156103,585.6,229.9497048,599.04,226.3404085,541.76,224.7382484,591.36,220.1576557,591.04,219.6652097,605.12,217.8373238,604.48,211.4185832
dog,6782.4,50.11730754,1182.4,49.32959654,1272.32,48.6052213,6570.88,47.27139668,1093.12,43.91460472,5445.12,43.22970894,1139.84,42.34799049,202.88,42.29814425,5440.96,41.07474163,7128.32,40.85674491,4990.72,40.16828688,7086.72,39.94176249,3781.76,39.743846,3123.84,39.68730844,1145.28,39.44138922,1211.84,39.41783039,4812.16,39.2622567,6766.08,39.24220506,4880.32,39.02375901,179.2,38.76460933
dog,89.6,2795.780463,89.28,2743.244457,96.64,1267.92589,93.44,1159.997623,92.48,970.6665249,89.92,948.0700731,93.12,684.365239,95.36,553.343762,93.76,367.1150343,84.48,357.7489053,97.6,356.397624,97.92,323.4598336,100.8,318.3167175,84.8,310.3032621,80.32,245.5631278,97.28,228.923582,83.52,219.0018919,95.04,202.0308185,187.84,197.0007957,87.04,187.64537
dog,569.92,282.1931694,602.56,246.0701364,582.72,242.69416,583.36,216.9924151,616.64,194.0207088,602.24,186.4283009,573.76,185.9787479,592.32,182.8102198,561.92,172.1124719,597.44,171.2957061,583.68,165.926533,572.48,163.5705972,565.76,150.9086582,616.96,149.4443833,683.52,142.4481881,683.2,135.4540742,565.12,132.6674278,874.56,132.5182426,684.16,131.5740817,592.96,131.1497557
dog,564.48,460.8489458,568.64,326.2484392,566.08,302.7270897,573.12,300.9515271,607.36,290.476701,606.72,276.1615116,586.56,267.4931234,608,261.8782272,564.16,242.0997382,610.88,233.8095049,572.16,231.3157466,539.2,227.1798308,589.12,224.8374905,574.4,221.6705172,606.08,218.0464197,585.92,216.1977492,587.52,215.5481076,611.52,209.1041645,544,208.5613049,539.52,203.623633
dog,654.72,307.6284652,720.32,272.4532853,684.48,266.3828595,720.64,265.5792281,587.2,223.9360043,654.4,217.1947032,684.16,214.5987922,663.04,195.3910555,628.48,192.1768509,720,191.5940349,660.48,188.1208845,663.36,185.7236635,782.08,174.8953568,684.8,172.5388548,782.4,172.1478444,781.76,171.4372115,591.04,164.2509076,781.44,161.35806,655.04,159.5819844,693.12,159.5647406
dog,520.96,368.0548949,543.36,326.4968803,549.44,321.8820191,562.24,317.7742564,518.08,297.5362597,31.68,277.5296652,471.36,274.9432369,549.12,272.1246295,523.84,254.0234772,19.84,253.9679666,559.68,248.5885596,54.4,246.3783895,556.8,237.5277535,525.76,236.1633536,453.12,232.3790977,562.56,232.2043089,559.36,231.86508,546.24,224.0570201,632.96,222.158495,462.08,218.9701102
dog,541.2361084,605.0833692,617.2743225,374.1983795,616.8843829,368.7781537,537.3367128,355.3053172,537.7266524,323.9017629,614.154806,294.2527288,607.1358939,268.5751001,543.1858062,266.3963059,614.5447456,251.4196539,546.6952622,240.6032226,617.664262,239.7659811,620.0038994,235.3201729,542.4059271,234.8207935,606.7459544,232.2984141,548.2550205,227.245065,270.6180542,223.5360481,545.5254436,212.7705935,597.7773445,211.6786817,539.2864106,203.1105914,600.1169819,200.4937596
dog,630.08,666.8242206,631.68,649.1380206,620.8,511.7528915,629.76,487.1469219,632,447.8896357,623.36,417.3975932,630.4,415.7512214,661.44,401.27742,609.92,393.662551,549.44,381.7526165,597.44,381.2643026,583.68,378.5304238,600,356.8660812,609.6,353.4241816,663.68,342.8500728,547.2,340.8480798,604.8,334.2382651,599.68,330.2621311,625.6,324.2754872,583.36,320.1484718
dog,475.84,253.6068194,481.28,248.8174146,480.96,234.1033045,475.52,215.8767552,542.72,198.4743854,434.88,187.5891311,476.16,184.0403178,480.64,180.4752667,481.6,170.1655051,471.68,167.8983816,471.36,158.5329527,543.04,154.975545,541.12,144.9391234,542.4,144.7069338,471.04,140.7709857,472,137.9743024,492.16,136.3020716,541.44,131.4063865,480.32,129.028921,547.84,128.5193858
dog,576.32,403.9475614,537.28,396.5692281,580.48,382.8523447,557.76,379.007749,538.24,377.3978095,580.16,374.6778625,236.8,335.2603919,239.36,322.7578256,576.64,313.1189161,539.2,300.876738,536.32,299.1045111,555.52,288.0640292,556.48,287.9403193,542.08,274.4595138,540.16,272.5249538,238.4,272.2336651,583.04,272.0877059,236.48,268.5746749,558.72,267.4001227,254.4,258.3598988
dog,662.6778784,469.4014939,637.774903,452.9120723,626.778784,442.8212425,654.5924968,433.703147,654.915912,426.6072753,639.068564,383.0080972,981.5653299,376.2670476,977.6843467,375.2789556,512.9366106,371.8760013,513.2600259,370.2562976,638.0983182,362.7451668,646.5071151,352.0705795,618.0465718,349.0841624,603.8163001,344.9071821,603.4928849,343.1310066,661.3842173,340.6915331,655.8861578,331.4009868,599.9353169,315.7566925,583.7645537,304.2178682,927.8783959,300.4031205
dog,1004.48,366.7989319,1008.96,332.8186999,1005.12,292.9205541,1009.6,274.5980238,1000.64,273.6448007,1014.08,264.9632793,1033.92,254.8240693,999.36,254.7178554,1036.8,242.5671147,1003.2,237.9607722,1003.84,236.6751338,1005.76,234.725851,1000,234.0557768,1012.8,232.9330228,1008.32,230.8059143,993.6,227.1495636,1045.12,224.4712287,1010.24,220.7446019,1032.32,213.0619267,1031.04,212.1115757
dog,433.92,1035.494961,452.16,1024.311486,456.96,1006.708714,441.92,615.660973,423.68,583.3063546,435.84,560.2688638,660.8,461.3931596,424.96,456.4456461,408.32,421.8688239,420.16,420.6911388,465.92,394.3123259,423.04,387.5171439,437.12,382.0629973,411.84,379.3749301,457.92,362.723855,409.92,357.464906,450.88,348.981938,438.4,330.5911335,379.84,330.091263,448.96,323.6808685
dog,537.8151261,303.1332066,537.3498881,170.2616153,552.702742,162.4636516,538.745602,158.2752438,538.280364,151.7054674,542.932744,142.2002487,1066.79073,134.0262799,1223.110698,131.8167403,557.355122,127.7077215,1223.575936,127.5078006,1222.64546,124.4238858,1224.041174,123.2356112,1064.929778,118.5895585,564.333692,118.1440622,931.4064726,116.9031667,947.2245646,116.2137506,530.8365561,115.2797151,499.2003722,115.1141333,551.772266,114.766765,495.4784682,112.1777374
dog,330.56,377.3831671,330.88,333.4706946,330.24,316.3242426,321.92,312.2261745,322.24,310.4007333,313.28,282.4126138,322.56,258.8961732,310.4,255.6948508,310.08,242.9024385,331.2,242.6543614,312.96,235.784469,329.92,227.5324335,313.6,227.3287184,283.84,225.7357001,278.4,221.1666471,316.16,217.8872999,339.2,212.3588613,294.4,211.5552377,321.6,209.9664627,338.88,208.9129751
dog,466.591507,662.8147099,491.4443192,430.4537891,444.9455092,420.4257072,441.3378429,403.8512691,436.5276212,384.351013,467.3932106,375.7520987,444.1438056,363.1517269,463.7855443,360.9828136,435.3250658,351.5441309,454.5659526,342.33521,404.0586246,338.6195733,453.764249,336.2401042,432.5191031,333.4438143,418.8901416,317.8765024,449.7557309,316.5325672,461.7812852,311.0641049,451.75999,307.3519658,448.9540273,304.0036392,484.2289866,303.6282036,464.5872479,303.021113
dog,588.16,295.5537706,592.64,254.4869767,592.32,238.9488447,484.48,238.2790032,723.84,234.3772184,972.8,231.8493342,725.44,216.3142654,622.72,216.290211,686.4,215.2221158,656.32,201.5702249,635.2,189.318843,626.88,184.1994441,620.48,183.4742248,1015.04,182.1974332,588.48,181.819131,485.44,181.1270975,655.36,180.7081879,656.64,175.269781,584,174.130709,726.4,173.5007385
dog,778.56,416.519189,771.52,392.8324037,778.88,373.0783692,772.16,371.8829446,771.2,370.010697,771.84,367.7293907,778.24,362.7337071,777.92,335.4181544,779.2,335.2898885,779.52,314.1352188,777.6,303.4361484,788.8,275.4176887,772.48,252.3303197,770.88,242.2741258,788.48,232.2857619,788.16,228.132497,787.84,226.1340082,789.12,225.6719442,789.76,204.6106453,765.12,204.2301865
dog,626.551317,253.1328157,626.936887,207.4701362,701.737475,204.0925599,702.123045,196.4301767,624.6234668,182.7359983,661.2526207,170.9178606,768.0555221,168.6778272,701.351905,156.6594272,667.8073114,154.7530755,767.669952,152.3385811,660.8670506,148.4649552,667.4217413,146.4782604,702.5086151,145.0105427,620.3821963,142.9914068,627.322457,138.9411174,624.2378967,136.9578621,636.576138,134.0114322,636.9617081,131.982669,768.4410921,124.030777,579.5117719,123.83513
dog,595.52,345.0862332,603.52,261.2121327,592.32,234.1992,590.08,227.3365134,459.84,211.0805197,457.92,209.7328171,463.04,193.9390736,454.72,192.9309458,589.12,192.0015396,458.88,188.5141971,581.44,173.9036137,484.48,161.14894,462.08,157.5576031,606.72,156.0830262,403.52,151.529077,394.56,147.7113854,610.56,146.961847,405.44,146.2726895,586.88,145.9154227,460.8,143.8701799
dog,499.84,274.3297501,486.72,250.610228,532.48,238.993197,489.92,235.1230223,496.32,223.6155899,492.8,207.82561,528,204.7458631,503.68,190.2849573,526.4,187.9012522,505.92,172.2212289,502.4,171.0673362,489.6,168.5403866,483.84,159.9286942,482.88,150.8133327,596.16,146.2156407,530.24,141.9148513,496.96,141.3643444,450.56,138.9620719,516.8,134.4601897,848.64,128.9941762
dog,514.56,841.6172911,855.04,769.6456585,516.16,760.9053553,853.44,696.2112585,509.12,692.9194248,517.76,661.7285019,513.6,658.5254688,510.08,632.285501,859.2,613.6325335,508.16,598.7919766,522.56,581.7641329,856.32,571.7598892,519.36,553.4292647,849.6,538.9249894,520.96,538.9070561,832.32,531.5539854,860.8,519.0171095,848.32,517.3314908,511.04,512.6501399,854.72,510.9252518
dog,585.28,515.1964946,584.96,500.2253975,582.72,469.4409921,585.6,420.9228152,585.92,332.6771085,509.12,321.9578628,586.56,319.649743,586.24,311.8428086,508.16,301.3271026,583.04,294.2128753,584.64,292.7203499,577.6,291.5354362,586.88,278.8515515,582.4,273.6883307,511.36,241.4902753,577.92,233.0625245,641.28,228.2065483,507.2,225.842872,510.4,218.8950149,641.6,218.5030909
dog,0,3431.194923,1529.64549,143.2914865,1509.513929,124.3835684,1510.92667,121.5163786,1520.109487,118.2310676,1481.965476,115.4913711,1519.049932,114.7061411,1449.119244,114.0473529,1429.694053,113.4191646,1383.42678,108.9572763,1520.462673,107.4701642,1538.828308,106.2663618,1581.210543,106.1609272,1501.390667,102.5142663,1437.110944,102.466649,1327.270319,100.2529944,1339.278619,99.12073867,1575.206393,98.6230814,1509.867114,98.31953859,1337.512693,96.90542645
dog,492.48,223.409555,392,204.4101523,596.48,184.2920568,524.48,177.8566225,377.6,171.357529,519.04,171.2234546,525.76,168.5092118,525.12,167.7074869,518.4,163.9813227,528.96,162.7101126,491.84,160.3603237,594.88,158.5355468,520.32,156.5429348,768.32,154.6366254,528.32,149.8919926,519.68,145.7477185,598.72,145.603937,463.04,142.1943553,529.6,141.6514855,487.36,139.537878
dog,803.52,331.5718176,795.52,313.8732475,803.2,267.456675,791.68,247.8676236,807.36,224.6352701,791.36,221.4697684,799.36,209.0209423,808.64,199.7000904,775.36,198.0392506,821.76,189.1097392,543.36,186.1884839,787.52,185.1067233,790.4,184.0468613,783.36,181.1681107,783.68,179.0170207,596.8,177.5920004,528.64,176.4910252,592.96,173.0749579,528.32,172.712712,601.92,167.515194
dog,493.76,303.8394803,512,273.8880873,513.28,199.3010535,504.96,171.8836515,506.56,171.3052869,492.8,162.7443656,508.48,158.7102821,684.48,150.5080629,684.8,147.5287559,490.88,139.4754738,497.92,139.4293034,490.24,132.441405,1236.48,131.432883,495.68,127.5016594,493.44,125.1084589,685.12,124.2762576,496,124.0398191,255.68,123.0345602,546.88,121.2808498,684.16,121.1030917
dog,684.16,342.4725897,682.24,266.3925621,611.52,258.3235618,683.84,251.5273788,255.68,200.0260775,664.32,195.198338,681.92,192.4413851,689.92,191.4025386,612.48,185.289149,690.24,182.2669816,684.48,181.0105227,682.56,181.0024767,613.44,166.4934097,257.28,161.6547716,512.32,158.41517,665.92,153.5744706,256.32,153.2380309,619.2,143.4935097,664,142.769803,609.6,142.3893638
dog,650.661937,392.5855342,667.891303,322.9144745,650.155191,284.6850637,667.3845569,266.7326809,627.3516184,266.0540745,1183.252043,266.046691,1166.529423,261.3752902,1331.728637,260.1687052,669.4115411,253.2046124,665.8643187,249.5302221,652.1821752,247.8118084,1168.049661,246.91782,648.6349528,230.4692992,649.1416989,225.8551662,1214.163552,210.6556071,1282.57427,202.7650017,638.5000317,198.9077185,1169.569899,198.863339,636.9797935,198.7636498,625.8313802,198.2937367
dog,473.6,136.1081498,472.32,134.8811742,467.52,125.3123063,474.88,119.2206273,466.24,117.4812514,471.04,114.9186951,468.8,112.1617546,464.96,108.1771007,481.92,106.8437501,483.2,105.4680637,470.08,99.39582829,478.4,96.49861455,469.76,93.59612613,480.64,88.68793917,484.48,88.6540416,477.12,87.47775931,1285.12,83.43646733,476.16,83.1584101,1283.84,82.49395214,463.68,81.87515014
dog,577.6,778.5461772,576.96,736.2950494,583.68,440.91326,555.2,436.4433031,566.08,395.7080483,583.36,361.5940335,575.36,354.9080301,559.36,352.5868471,560.96,342.3080207,565.12,336.9807184,590.08,309.9906339,564.48,303.9342291,613.12,302.4628377,572.48,298.2533171,619.84,289.3707701,556.48,279.2112571,571.2,268.1686411,612.8,245.0968383,560.32,242.9250432,560,240.2063985
dog,654.7975122,271.4563202,620.2345345,269.4120175,644.5425628,221.9017205,618.3354698,196.2714014,674.5477852,190.5808687,652.8984475,187.3764205,608.4603333,173.9359736,660.8745193,172.8313557,684.8027347,169.0147065,691.6393676,167.9283269,619.8547215,167.1895205,656.6965769,166.7785759,685.1825476,163.9068999,644.9223757,162.1797455,608.0805203,157.5968024,716.3272088,154.9732976,718.9858994,153.2348198,618.7152827,151.8799423,654.4176993,148.0665079,655.1773252,147.8768696
dog,1457.28,282.6225949,737.92,216.3235722,1482.24,212.7842873,1545.6,185.0960647,1494.4,184.909716,737.28,178.7870454,1473.92,175.8635405,1546.88,175.4538117,760,166.4340305,738.56,164.2397626,1457.92,164.12716,1473.28,162.2082171,1548.8,162.0304614,1448,161.2290578,1475.52,159.5659709,1471.68,158.3043543,761.28,155.4115964,1499.2,154.0804007,760.64,153.6977315,761.92,152.132745
dog,717.76,361.8746978,718.08,355.8659581,717.44,297.8567396,718.4,296.1243571,713.6,285.4290201,598.72,267.672742,620.48,264.0783307,620.8,245.5108445,703.04,233.266983,599.04,228.1290734,708.48,223.4737972,718.72,220.8247168,703.36,212.5375932,542.08,211.7886872,541.76,201.9064708,725.44,201.8282908,600.32,201.1189065,725.76,189.8317634,702.72,189.2515974,591.36,188.7348411
dog,616.96,279.1168519,585.6,273.0991763,592,271.5099571,572.8,269.0616994,565.44,266.05286,578.56,258.499804,562.56,256.978025,498.24,255.0523848,560.32,248.953162,610.88,244.4634734,614.08,243.2580286,503.68,241.0302319,611.2,236.3021106,539.2,235.5685349,538.56,234.8784772,622.72,234.3764668,537.92,234.3518224,551.68,233.6492934,608,231.347404,617.28,231.2959808
dog,1854.72,185.0406297,1037.44,164.8504982,1046.08,161.4678594,1658.56,152.4318177,1839.68,144.5582646,1037.12,138.9724645,1936.96,133.1662466,1896,130.6721338,1072.32,130.4941755,1104.32,129.5283962,1905.92,129.5139881,978.24,127.2329965,1842.88,125.6406772,1836.48,123.1637964,1164.8,122.7875294,1086.72,122.4872498,1832.32,120.2325876,1825.92,120.2193948,1072.64,119.610471,1987.84,119.1525107
dog,619.8392324,366.3165768,619.5025462,348.2229645,627.5830142,287.1423288,627.9197003,274.1662834,644.4173225,204.7500112,650.8143597,203.4533423,627.246328,199.1723552,680.1060561,195.3344615,628.2563865,179.3077917,620.1759185,177.9935131,619.16586,172.7316964,618.1558015,170.2976733,598.6280039,168.3038538,599.9747485,163.8707286,644.0806363,161.4927451,604.0149825,156.3052415,707.3776356,150.7899001,618.4924877,148.7526938,658.8948277,147.2464081,679.76937,146.4376964
dog,480,369.0454104,401.28,365.7491232,489.92,363.1904463,142.72,335.9614181,484.16,322.2503869,144.96,315.5500342,19.52,310.345737,147.2,308.265684,170.24,305.731121,451.2,285.2727324,32.32,277.8971872,437.76,272.901994,398.08,272.4233462,168,271.475375,480.96,271.0863393,1460.48,259.2717799,488.96,254.6265383,493.76,251.331111,485.76,248.7261932,1308.8,248.6656486
dog,508.9106777,373.380966,509.945049,355.9594028,537.873074,303.3359706,501.3252882,303.0447823,498.5669648,280.4680457,553.3886435,265.8224101,503.0492404,264.5481372,252.7313867,250.3637927,558.5604999,242.9076582,558.9052904,242.0539894,564.0771469,233.401287,562.6979851,231.631662,539.2522358,231.325529,254.4553389,227.1286854,505.4627734,213.5729103,256.179291,212.7681964,499.6013361,208.0550994,563.0427756,207.5630727,531.6668462,200.554703,600.2801422,200.3617944
dog,684.3157251,516.0980678,684.6420559,467.4924129,723.1490924,385.6692219,677.1364471,371.0949113,588.7007954,309.5411789,722.4964308,309.1808241,683.9893942,298.252748,589.0271262,294.7300277,652.0089741,287.2651407,723.4754232,279.3402509,676.8101163,272.0443681,722.8227616,259.1970996,679.7470936,245.1620547,680.0734244,243.0985451,679.4207628,237.8820979,585.7638181,226.0169416,653.966959,215.1846358,628.1868244,212.2155031,686.9263716,209.876256,679.094432,207.4197186
dog,602.1505376,339.7867292,603.8641134,313.3611062,603.5213983,301.5630556,596.6670951,261.5554334,688.172043,256.9584785,605.2349741,243.9311927,727.2415713,226.5625697,726.8988562,221.2590813,727.5842865,212.0777584,722.4435591,198.7465091,598.3806709,196.9214919,597.0098102,196.4583336,598.723386,196.0175253,594.9535193,191.1264768,606.6058347,182.1568723,606.9485499,179.4545875,591.1836525,175.8832067,704.6223707,168.0842786,704.9650859,166.3142172,688.5147582,164.2235415
dog,883.2618283,165.1857673,1155.920914,150.248281,539.0777354,136.4959983,535.2374666,119.3304334,985.028952,116.629716,638.9247247,116.0771131,1021.511506,115.1358893,539.557769,113.1093482,552.5186763,110.0793572,547.7183403,107.3322025,548.1983739,106.5840711,492.514476,106.0157505,660.5262368,105.3364271,484.8339384,102.7489324,540.0378026,101.3046808,534.2773994,100.3222465,896.2227356,99.91788326,901.5031052,98.41294448,1098.316882,97.88305912,883.7418619,97.54240694
dog,307.2,356.3726082,131.84,284.6568733,287.04,283.4410154,177.6,266.1462215,296.32,248.6634901,309.12,247.4592531,183.68,246.4216182,305.6,235.9000781,105.92,235.6800014,143.36,234.73179,307.84,232.244021,188.16,227.0648,288.32,226.7665686,289.6,222.3527155,277.44,217.7417898,189.44,217.2605154,304.64,214.6861926,132.8,213.4222448,289.92,212.4556672,179.2,208.182789
dog,436.8,332.7041426,441.6,321.5049565,481.6,300.1537306,438.72,292.5339496,431.68,290.7065925,367.68,290.4972253,438.4,275.9959326,426.56,274.2292941,409.92,262.6604725,436.48,262.4892634,481.28,260.2654667,443.2,259.6754427,644.8,245.8813758,368,244.557687,480.96,242.3515883,486.4,240.5832166,443.52,236.1974734,485.44,231.9328338,441.28,226.5834625,498.56,220.8310764
dog,1747.52,381.5010153,1739.52,357.9180171,1745.28,340.3972568,1748.16,335.7905477,1738.24,322.5820485,1742.4,320.8516813,1859.52,316.9689005,1904.96,314.8407429,1841.92,303.2479393,1720.64,300.9517049,1748.8,300.8912551,1676.48,281.6771564,1855.04,280.4615543,1858.24,280.4143271,1770.56,279.4954493,1680.64,278.1879129,1816.96,275.129973,1758.4,267.3861576,1808.96,266.3944341,1744.64,265.8847365
dog,600.96,684.243459,590.72,492.7544624,591.04,461.7818645,594.24,456.7546727,605.44,426.3714305,601.28,409.987623,597.44,385.2271735,593.92,379.1895175,585.28,366.1140098,588.16,344.501565,570.88,332.3424702,597.12,329.808895,588.8,319.7784942,593.6,314.3226205,692.8,312.6045935,585.92,308.2493504,580.16,303.5341892,693.12,296.498461,692.16,280.8712245,600.64,271.8677352
dog,600.0479272,336.5594397,600.4313444,320.004744,592.7630002,270.5784165,599.6645099,204.547781,603.8820992,184.8012098,591.9961658,184.4758271,588.545411,177.3518291,592.379583,176.4757263,596.2137551,146.9028649,678.6484543,145.5296506,596.5971723,144.4920377,723.1248502,136.2271958,679.4152888,135.6673343,599.2810927,134.9761875,684.7831296,132.0156562,604.2655164,128.8793013,679.0318716,124.4879415,603.498682,118.626205,722.741433,118.2371283,758.7826504,116.4576909
dog,624.32,326.1727391,599.68,322.5041178,624.64,269.581715,603.84,268.0635843,583.04,260.1499363,626.88,250.193129,624,248.9158724,583.36,243.2666046,579.84,241.3892297,689.6,206.6962125,579.52,198.4553171,597.76,193.3849091,586.88,190.2344645,619.2,189.3932982,599.36,188.4995342,626.56,188.2348735,600,178.493379,655.68,177.5886261,607.68,176.0509929,656.32,176.0428076
dog,515.4501188,497.4205225,509.9116147,423.8779532,518.0347541,415.0548131,519.5116886,389.9678274,508.8039139,374.3782735,259.5712275,344.3327086,256.9865922,329.7277056,510.6500819,329.6938773,513.9731844,305.5451481,516.5578197,304.805001,521.3578566,270.5069044,519.1424549,254.7769722,257.7250594,251.8430576,512.49625,248.4095404,499.9423072,239.9368807,258.4635266,225.6278354,549.4196109,221.5993922,502.5269425,217.8714079,523.9424919,216.8833635,501.0500081,201.7841268
dog,619.52,316.3495469,706.24,316.028645,706.56,301.4407785,623.36,269.4673647,706.88,264.1374649,711.04,247.899231,710.72,242.9181186,611.84,239.4290601,702.08,237.1520718,538.24,235.5132695,710.4,235.0058177,612.16,232.8306569,609.28,232.0803194,609.6,228.4012322,705.92,224.863653,711.36,223.7623409,623.68,223.6208185,619.84,223.1930869,701.76,211.9008391,592,202.7300432
dog,633.28,286.4631882,633.6,282.0663382,638.08,262.8855322,638.4,253.8629579,658.56,219.8917943,628.48,217.8583363,653.76,213.0445929,628.8,210.7962506,670.4,206.3856531,670.72,204.4778975,672.96,202.4235915,632.96,201.6215684,663.36,198.1180527,654.08,192.1741006,637.76,190.1617667,658.88,190.0447316,633.92,175.3274803,663.68,174.4303176,668.16,172.2570734,661.12,169.4848706
dog,897.6,150.2388206,900.8,144.0920213,628.8,138.1865449,626.88,124.0367436,899.52,123.8517595,895.68,119.4668129,543.04,118.7420595,630.72,117.1151802,902.72,113.568039,898.88,113.5218885,875.52,112.5881175,544.96,105.966983,633.92,105.9551806,632,105.1783381,542.4,101.6145638,874.56,98.817001,873.6,98.41492917,541.12,96.93255995,543.68,94.41791361,541.76,91.23874684
dog,668.16,138.8836795,724.8,135.7359057,725.76,131.3172986,667.2,127.5072922,723.84,104.6443044,669.12,101.495031,651.2,95.23838096,650.24,93.70232313,725.44,93.48085589,726.72,91.78466411,735.68,91.2528938,1098.88,90.43991332,1097.92,87.16532142,757.76,82.77568177,724.48,82.44096415,1054.08,82.4374268,1203.2,82.37747541,988.8,81.61407249,987.84,80.72983359,1202.24,79.94347562
dog,837.9143088,201.3593044,907.8415521,201.1835977,824.9797898,198.4109005,793.047696,196.2251105,828.6176233,191.5027651,1090.945837,187.754141,838.7227162,170.7645716,817.2999192,169.1734877,957.9628133,162.8098546,956.7502021,155.900447,848.0194018,151.8351779,1112.368634,151.7749249,1107.922393,146.8717648,789.4098626,145.99941,957.1544058,140.9605391,908.6499596,134.3091592,1080.43654,132.6798118,1082.053355,131.7501467,887.6313662,130.3573961,953.1123686,130.2813184
dog,1058.571429,287.368216,1058.095238,252.6291765,1170.952381,238.5398728,1101.904762,226.9794073,993.3333333,223.5278945,992.8571429,222.7291813,1171.428571,221.9425389,1066.190476,209.8356289,1102.380952,207.0102386,1059.047619,205.9664648,1047.142857,199.4327347,1046.666667,182.410723,1050.952381,180.9745622,1294.761905,180.3899697,1065.714286,175.1621847,1295.238095,169.5155002,1094.761905,168.1638215,1066.666667,167.6111121,1000.952381,166.3281301,1101.428571,165.8794276
dog,605.7938794,270.3159239,605.4309113,209.3454469,602.1641977,202.8923925,603.9790386,201.7488554,603.6160704,156.8716425,598.8974842,136.7705302,601.8012296,114.8694565,584.0157891,112.9363267,582.2009483,111.204072,580.7490756,109.8843797,1199.609809,107.3343873,671.8540868,107.0594315,634.1053969,103.6787036,562.2376988,103.3662262,1199.972777,100.5973709,560.7858261,100.2483124,1199.246841,98.50647867,672.5800231,97.26597862,599.2604523,95.29821174,607.6087203,94.88041969
dog,466.24,517.4714135,731.84,501.5312539,530.88,464.046025,730.24,447.776011,517.12,394.8135445,508.48,377.2677662,518.72,355.5145793,703.04,352.537533,733.44,350.5308559,698.24,342.0602558,776.64,332.5110209,764.48,330.3551301,798.72,327.9801672,539.84,327.0570552,720,326.5442451,704.96,325.818018,462.72,322.042996,775.04,316.8355079,515.2,315.0384482,716.48,314.420701
dog,840.32,783.6997772,841.28,770.763626,627.52,657.0945569,626.56,653.8823739,842.24,526.2716043,622.08,509.5405906,630.72,509.3305948,837.12,509.1773692,839.36,490.2323002,424.96,488.7472107,446.72,483.1517642,430.08,468.0457999,416.96,460.8118962,631.68,460.723423,432.96,460.5651052,210.24,452.4143433,576,451.6106058,448.64,446.5213411,420.16,445.9692961,209.28,441.8433179
dog,564.7547366,137.4997839,572.5408772,135.8512554,563.1975084,131.6239124,538.8009343,128.4551894,499.3511549,127.9629664,499.870231,125.8308219,537.7627822,125.6586525,538.2818583,124.86068,537.2437062,99.62795053,577.7316377,99.40727982,1009.602907,98.49012081,586.0368544,96.08944708,539.3200104,95.65669124,1012.717363,95.31560295,539.8390864,86.09318233,954.5808461,85.04401273,579.2888658,82.47347079,293.2779652,80.38767936,314.041007,79.9771439,552.8159875,79.74302951
dog,571.4144387,200.9638012,568.2487077,171.570775,569.8315732,171.2371128,713.0808993,157.0269145,706.353721,156.9017648,569.0401405,143.4401825,572.2058714,142.2170829,658.0763238,139.963776,707.5408701,133.5801854,706.7494373,131.7617463,712.6851829,130.2296231,705.9580046,127.5108038,707.1451537,126.1648525,572.9973042,124.8955592,658.4720402,124.609267,600.6974501,122.5842041,595.9488537,119.1009135,686.9636188,116.955737,575.3716024,115.8765962,720.2037939,115.3454024
dog,624,379.1111394,621.76,285.0162003,640,261.1251791,631.04,254.5107415,630.72,252.8813916,624.32,252.80455,640.32,252.6122839,616.96,228.5992366,619.52,213.4051644,619.2,208.2907162,637.76,205.7204686,626.24,194.2147125,632.96,175.504305,647.36,167.7465943,623.68,163.512344,646.08,150.4470348,630.4,148.5200306,599.04,147.5916104,617.28,145.7176165,633.28,134.0432373
dog,704.7198024,212.1452217,603.3025614,183.5721245,601.7422962,171.952369,715.6416591,167.8483788,656.3515798,160.6602259,560.135223,151.25912,579.8985828,144.500913,673.5144975,132.8069497,702.1193603,128.2952874,580.4186712,126.2883616,707.8403329,125.8754185,653.2310493,120.4782365,719.8023664,119.3293487,620.9855675,118.8427242,691.717592,118.4937183,667.2734365,118.1659502,569.4968145,113.3512691,694.8381225,112.7913012,713.041217,104.9772424,632.4275127,102.9282939
dog,347.862374,372.1284999,332.5056857,293.9835618,339.1825067,282.5986952,331.8380036,279.5410793,338.8486657,274.1332608,13.353642,245.7083988,322.4904542,240.9274875,329.5011163,229.0406153,363.8867444,218.3659501,356.8760824,218.3558291,339.5163478,214.3203453,313.8105869,197.2577709,364.5544265,196.062418,294.113965,195.6334924,345.5254867,194.8400847,356.5422413,188.0081253,332.1718447,186.8925683,370.8974065,185.6634198,350.1992614,183.391312,363.2190623,181.3673619
dog,502.6799258,110.9417131,605.6969493,108.1504088,591.6736895,100.5417239,591.1343334,99.57346756,600.842744,90.7044644,502.1405697,85.63261286,605.1575931,84.66154001,503.219282,84.595575,610.5511546,84.47993237,326.3104669,84.456673,606.2363054,82.25913964,290.7129614,78.02578838,586.2801281,76.99827564,325.7711107,76.58683017,579.2684982,75.96224157,595.9885387,75.55738776,596.5278948,75.52945679,451.9804483,75.07645163,579.8078544,74.3163321,457.9133659,73.59908006
dog,539.1045163,373.5498854,948.6166008,371.4056926,540.1412558,368.6363872,955.873777,264.122379,541.1779952,253.3681352,562.431154,252.9248754,938.767576,238.9428095,565.5413724,236.0114389,963.6493229,225.3786158,559.8393054,224.8457067,946.5431219,190.3327867,538.0677768,178.9858666,900.4082162,176.2815037,554.1372384,160.0332745,948.0982311,159.184918,879.1550573,158.0683481,542.7331044,157.946022,893.15104,152.6863358,539.622886,149.5691932,551.5453897,147.6447497
dog,1395.84,203.5628549,662.4,175.8775657,686.08,173.9383902,1400.64,168.0520405,686.72,148.6704487,1400.96,144.3349374,1391.04,140.9615549,687.04,140.9248503,1405.76,136.2399287,659.52,132.9922588,690.88,130.8954715,1410.56,129.563922,718.4,128.9781821,731.2,128.1914676,684.8,127.6955458,604.16,127.11336,1396.16,125.0311587,711.68,122.7966515,667.2,122.6228781,716.48,121.5204855
dog,526.08,1565.6072,525.76,1317.602647,524.48,893.9498805,238.72,646.6937512,522.24,636.3245825,235.84,615.4548918,476.48,579.9157364,480,558.3627238,239.36,541.7408571,253.12,527.498436,237.76,514.8960152,243.2,509.8556759,256.32,453.9130075,906.24,431.6462267,486.08,430.257216,246.72,424.2951053,528.96,423.635389,528.64,421.7086996,257.6,417.0466881,231.68,412.0956164
dog,684.48,819.3234639,310.08,801.2509584,685.76,776.4974249,311.04,715.2072341,309.12,682.5053611,294.72,610.6309798,689.92,609.0500857,666.56,605.4801704,589.12,590.9074816,590.72,572.5092766,588.48,566.3385799,689.6,555.2560339,325.12,547.6584682,667.84,544.8259865,572.16,513.7821942,308.16,476.5588568,315.84,476.1835433,684.16,474.5336597,619.52,472.7134773,673.6,466.8873567
dog,560,1154.221058,279.68,927.4689526,248.96,851.2641964,257.6,793.5825361,304.96,782.1934217,309.12,777.8860832,560.96,764.8613862,559.36,687.5515396,249.92,683.9760996,563.2,678.168448,258.24,670.9493598,244.8,669.7830414,306.24,661.4944682,254.72,629.6818775,259.52,627.821925,308.8,619.1993322,561.6,580.9830684,306.56,546.5286281,250.56,546.1987384,256,539.0455786
dog,532.16,527.1841478,549.76,494.6599304,531.2,448.0272154,550.4,434.1040833,550.08,429.1617542,505.28,426.0052106,550.72,424.4256834,498.56,408.3354814,551.04,382.1377491,494.72,369.9047564,549.44,347.3111115,551.36,338.1391502,254.72,321.9686094,544.32,313.5127444,487.68,303.2232629,544.64,300.9642823,535.36,300.0222353,251.2,299.3109221,491.52,296.2460981,530.24,279.6643314
dog,764.048557,286.955534,599.4050969,247.2117393,601.5488919,223.3608496,761.9047619,204.4044442,756.7596538,194.3512752,757.1884128,194.1769137,759.3322078,186.031164,766.192352,181.9279639,754.6158587,176.524127,632.4195407,173.6776405,627.7031916,170.7382208,764.477316,163.8549756,633.7058177,160.4071932,752.4720637,153.5557777,766.621111,146.2302315,636.2783718,143.7682891,638.8509259,143.1944724,597.2613018,139.1837124,683.870622,136.7489838,768.3361471,134.5369516
dog,173.8778577,239.4994321,219.1970866,199.7152653,228.4459088,187.5514691,196.0750311,164.5121523,266.8285211,154.2753558,205.3238533,149.2050599,272.8402555,146.059584,258.0421399,142.3758413,222.4341744,142.1702273,167.8661233,141.1169514,167.4036822,139.5354895,222.8966155,138.5894228,221.9717333,138.1156817,204.8614122,137.9899398,202.0867655,137.5746083,67.51640221,137.4826701,257.5796988,137.3658584,208.0985,136.8528678,190.5257377,135.4396805,139.6572155,134.6107913
dog,903.5187287,289.4609592,906.5455921,193.5047167,818.7665532,184.513484,986.7574726,180.2647186,954.2186909,163.7015409,799.8486568,162.8105675,908.8157397,159.6433151,973.1365872,157.6239239,900.4918653,155.3239436,981.4604616,142.4004504,989.0276201,141.3207081,796.8217934,140.1709682,802.8755202,134.2217212,815.7396897,125.4576879,875.5202421,125.0925922,706.7726069,119.494918,975.4067348,118.1344088,976.1634506,116.9799854,970.1097238,115.876797,983.7306092,113.077194
dog,513.92,1004.461202,534.72,718.8950939,551.36,693.7549497,572.16,680.4240347,569.92,677.3072721,503.04,666.2816924,570.24,604.5632761,520,597.607328,507.2,592.9547263,568.32,589.6409612,531.52,589.5949122,571.84,566.3093662,510.08,555.9587918,268.48,538.3844106,519.04,534.8107258,483.84,528.4387573,512,526.3974535,551.04,515.571434,528.96,505.2445867,574.4,493.8871759
dog,528.6716401,573.6345025,538.9154883,437.6354113,538.0247189,416.50912,540.2516424,390.6652898,551.3862599,356.2756185,533.1254871,354.0609981,531.3439483,342.5771184,530.4531789,297.7976578,541.1424118,288.4161312,537.1339494,247.5113569,534.0162565,241.2987652,549.1593364,236.4623567,544.2601047,210.7770495,548.268567,198.1204237,265.8946665,186.6443118,428.4600824,183.7801255,526.8901013,182.6235588,273.4662064,173.7784069,555.8401069,162.69756,606.6139628,156.2930205